Section,Subsection,LINK,SNO,FirstLine
পূজা,,RabindranathTagore_Songs_Puja#১--কান্নাহাসির-দোল-দোলানো-পৌষ-ফাগুনের-পালা,১,কান্নাহাসির-দোল-দোলানো পৌষ-ফাগুনের পালা
পূজা,,RabindranathTagore_Songs_Puja#২--সুরের-গুরু-দাও-গো-সুরের-দীক্ষা,২,সুরের গুরু দাও গো সুরের দীক্ষা
পূজা,,RabindranathTagore_Songs_Puja#৩--তোমার-সুরের-ধারা-ঝরে-যেথায়-তারি-পারে,৩,তোমার সুরের ধারা ঝরে যেথায় তারি পারে
পূজা,,RabindranathTagore_Songs_Puja#৪--তুমি-কেমন-করে-গান-করো-হে-গুণী,৪,তুমি কেমন করে গান করো হে গুণী
পূজা,,RabindranathTagore_Songs_Puja#৫--আমি-তোমায়-যত-শুনিয়েছিলেম-গান,৫,আমি তোমায় যত শুনিয়েছিলেম গান
পূজা,,RabindranathTagore_Songs_Puja#৬--তুমি-যে-সুরের-আগুন-লাগিয়ে-দিলে-মোর-প্রাণে,৬,তুমি যে সুরের আগুন লাগিয়ে দিলে মোর প্রাণে
পূজা,,RabindranathTagore_Songs_Puja#৭--তোমার-বীণা-আমার-মনোমাঝে,৭,তোমার বীণা আমার মনোমাঝে
পূজা,,RabindranathTagore_Songs_Puja#৮--তোমার-নয়ন-আমায়-বারে-বারে-বলেছে-গান-গাহিবারে,৮,তোমার নয়ন আমায় বারে বারে বলেছে গান গাহিবারে॥
পূজা,,RabindranathTagore_Songs_Puja#৯--অরূপ-তোমার-বাণী,৯,অরূপ তোমার বাণী
পূজা,,RabindranathTagore_Songs_Puja#১০--গানে-গানে-তব-বন্ধন-যাক-টুটে,১০,গানে গানে তব বন্ধন যাক টুটে
পূজা,,RabindranathTagore_Songs_Puja#১১--আমার-সুরে-লাগে-তোমার-হাসি,১১,আমার সুরে লাগে তোমার হাসি
পূজা,,RabindranathTagore_Songs_Puja#১২--আমার-বেলা-যে-যায়-সাঁঝ-বেলাতে,১২,আমার বেলা যে যায় সাঁঝ-বেলাতে
পূজা,,RabindranathTagore_Songs_Puja#১৩--জীবনমরণের-সীমানা-ছাড়ায়ে,১৩,জীবনমরণের সীমানা ছাড়ায়ে
পূজা,,RabindranathTagore_Songs_Puja#১৪--যারা-কথা-দিয়ে-তোমার-কথা-বলে,১৪,যারা কথা দিয়ে তোমার কথা বলে
পূজা,,RabindranathTagore_Songs_Puja#১৫--তোমারি-ঝরনাতলার-নির্জনে,১৫,তোমারি ঝরনাতলার নির্জনে
পূজা,,RabindranathTagore_Songs_Puja#১৬--কূল-থেকে-মোর-গানের-তরী-দিলেম-খুলে,১৬,কূল থেকে মোর গানের তরী দিলেম খুলে
পূজা,,RabindranathTagore_Songs_Puja#১৭--তোমার-কাছে-এ-বর-মাগি-মরণ-হতে-যেন-জাগি,১৭,তোমার কাছে এ বর মাগি মরণ হতে যেন জাগি
পূজা,,RabindranathTagore_Songs_Puja#১৮--কেন-তোমরা-আমায়-ডাকো-আমার-মন-না-মানে,১৮,কেন তোমরা আমায় ডাকো আমার মন না মানে
পূজা,,RabindranathTagore_Songs_Puja#১৯--দাঁড়িয়ে-আছ-তুমি-আমার-গানের-ও-পারে,১৯,দাঁড়িয়ে আছ তুমি আমার গানের ও পারে
পূজা,,RabindranathTagore_Songs_Puja#২০--রাজপুরীতে-বাজায়-বাঁশি-বেলাশেষের-তান,২০,রাজপুরীতে বাজায় বাঁশি বেলাশেষের তান
পূজা,,RabindranathTagore_Songs_Puja#২১--জাগ-জাগ-রে-জাগ-সঙ্গীত-চিত্ত-অম্বর-কর-তরঙ্গিত,২১,জাগ’ জাগ’ রে জাগ’ সঙ্গীত চিত্ত অম্বর কর তরঙ্গিত
পূজা,,RabindranathTagore_Songs_Puja#২২--হেথা-যে-গান-গাইতে-আসা-আমার-হয়-নি-সে-গান-গাওয়া,২২,হেথা যে গান গাইতে আসা আমার হয় নি সে গান গাওয়া
পূজা,,RabindranathTagore_Songs_Puja#২৩--আমি-হেথায়-থাকি-শুধু-গাইতে-তোমার-গান,২৩,আমি হেথায় থাকি শুধু গাইতে তোমার গান
পূজা,,RabindranathTagore_Songs_Puja#২৪--গানের-সুরের-আসনখানি-পাতি-পথের-ধারে,২৪,গানের সুরের আসনখানি পাতি পথের ধারে
পূজা,,RabindranathTagore_Songs_Puja#২৫--সুর-ভুলে-যেই-ঘুরে-বেড়াই-কেবল-কাজে,২৫,সুর ভুলে যেই ঘুরে বেড়াই কেবল কাজে
পূজা,,RabindranathTagore_Songs_Puja#২৬--গানের-ভিতর-দিয়ে-যখন-দেখি-ভুবনখানি,২৬,গানের ভিতর দিয়ে যখন দেখি ভুবনখানি
পূজা,,RabindranathTagore_Songs_Puja#২৭--খেলার-ছলে-সাজিয়ে-আমার-গানের-বাণী,২৭,খেলার ছলে সাজিয়ে আমার গানের বাণী
পূজা,,RabindranathTagore_Songs_Puja#২৮--যতখন-তুমি-আমায়-বসিয়ে-রাখ-বাহির-বাটে,২৮,যতখন তুমি আমায় বসিয়ে রাখ বাহির-বাটে
পূজা,,RabindranathTagore_Songs_Puja#২৯--আমার-যে-গান-তোমার-পরশ-পাবে,২৯,আমার যে গান তোমার পরশ পাবে
পূজা,,RabindranathTagore_Songs_Puja#৩০--গানের-ঝরনাতলায়-তুমি-সাঁঝের-বেলায়-এলে,৩০,গানের ঝরনাতলায় তুমি সাঁঝের বেলায় এলে
পূজা,,RabindranathTagore_Songs_Puja#৩১--কণ্ঠে-নিলেম-গান-আমার-শেষ-পারানির-কড়ি,৩১,কণ্ঠে নিলেম গান আমার শেষ পারানির কড়ি
পূজা,,RabindranathTagore_Songs_Puja#৩২--আমার-ঢালা-গানের-ধারা-সেই-তো-তুমি-পিয়েছিলে,৩২,আমার ঢালা গানের ধারা সেই তো তুমি পিয়েছিলে
পূজা,,RabindranathTagore_Songs_Puja#৩৩--কবে-আমি-বাহির-হলেম-তোমারি-গান-গেয়ে,৩৩,কবে আমি বাহির হলেম তোমারি গান গেয়ে
পূজা,,RabindranathTagore_Songs_Puja#৩৪--তোমায়-আমায়-মিলন-হবে-বলে-আলোয়-আকাশ-ভরা,৩৪,তোমায় আমায় মিলন হবে ব’লে আলোয় আকাশ ভরা
পূজা,,RabindranathTagore_Songs_Puja#৩৫--প্রভু-তোমার-বীণা-যেমনি-বাজে,৩৫,প্রভু তোমার বীণা যেমনি বাজে
পূজা,,RabindranathTagore_Songs_Puja#৩৬--তুমি-একলা-ঘরে-বসে-বসে-কী-সুর-বাজালে,৩৬,তুমি একলা ঘরে বসে বসে কী সুর বাজালে
পূজা,,RabindranathTagore_Songs_Puja#৩৭--শুধু-তোমার-বাণী-নয়-গো-হে-বন্ধু-হে-প্রিয়,৩৭,শুধু তোমার বাণী নয় গো হে বন্ধু হে প্রিয়
পূজা,,RabindranathTagore_Songs_Puja#৩৮--তোমার-সুর-শুনায়ে-যে-ঘুম-ভাঙাও-সে-ঘুম-আমার-রমণীয়,৩৮,তোমার সুর শুনায়ে যে ঘুম ভাঙাও সে ঘুম আমার রমণীয়
পূজা,,RabindranathTagore_Songs_Puja#৩৯--মোর-হৃদয়ের-গোপন-বিজন-ঘরে,৩৯,মোর হৃদয়ের গোপন বিজন ঘরে
পূজা,,RabindranathTagore_Songs_Puja#৪০--মোর-প্রভাতের-এই-প্রথম-খনের-কুসুমখানি,৪০,মোর প্রভাতের এই প্রথম খনের কুসুমখানি
পূজা,,RabindranathTagore_Songs_Puja#৪১--মালা-হতে-খসে-পড়া-ফুলের-একটি-দল,৪১,মালা হতে খসে-পড়া ফুলের একটি দল
পূজা,,RabindranathTagore_Songs_Puja#৪২--এত-আলো-জ্বালিয়েছ-এই-গগনে,৪২,এত আলো জ্বালিয়েছ এই গগনে
পূজা,,RabindranathTagore_Songs_Puja#৪৩--কার-হাতে-এই-মালা-তোমার-পাঠালে,৪৩,কার হাতে এই মালা তোমার পাঠালে
পূজা,,RabindranathTagore_Songs_Puja#৪৪--বল-তো-এইবারের-মতো,৪৪,বল তো এইবারের মতো
পূজা,,RabindranathTagore_Songs_Puja#৪৫--তোমায়-নতুন-করে-পাব-বলে-হারাই-ক্ষণে-ক্ষণ,৪৫,তোমায় নতুন করে পাব ব’লে হারাই ক্ষণে-ক্ষণ
পূজা,,RabindranathTagore_Songs_Puja#৪৬--ধীরে-বন্ধু-ধীরে-ধীরে,৪৬,ধীরে বন্ধু ধীরে ধীরে
পূজা,,RabindranathTagore_Songs_Puja#৪৭--এবার-আমায়-ডাকলে-দূরে,৪৭,এবার আমায় ডাকলে দূরে
পূজা,,RabindranathTagore_Songs_Puja#৪৮--দুঃখের-বরষায়-চক্ষের-জল-যেই-নামল,৪৮,দুঃখের বরষায় চক্ষের জল যেই নামল
পূজা,,RabindranathTagore_Songs_Puja#৪৯--সে-দিনে-আপদ-আমার-যাবে-কেটে,৪৯,সে দিনে আপদ আমার যাবে কেটে
পূজা,,RabindranathTagore_Songs_Puja#৫০--আমার-হিয়ার-মাঝে-লুকিয়ে-ছিলে-দেখতে-আমি-পাই-নি,৫০,আমার হিয়ার মাঝে লুকিয়ে ছিলে দেখতে আমি পাই নি
পূজা,,RabindranathTagore_Songs_Puja#৫১--কেন-চোখের-জলে-ভিজিয়ে-দিলেম-না-শুকনো-ধুলো-যত,৫১,কেন চোখের জলে ভিজিয়ে দিলেম না শুকনো ধুলো যত
পূজা,,RabindranathTagore_Songs_Puja#৫২--আমায়-বাঁধবে-যদি-কাজের-ডোরে,৫২,আমায় বাঁধবে যদি কাজের ডোরে
পূজা,,RabindranathTagore_Songs_Puja#৫৩--ওদের-সাথে-মেলাও-যারা-চরায়-তোমার-ধেনু,৫৩,ওদের সাথে মেলাও যারা চরায় তোমার ধেনু
পূজা,,RabindranathTagore_Songs_Puja#৫৪--আমারে-তুমি-অশেষ-করেছ-এমনি-লীলা-তব,৫৪,আমারে তুমি অশেষ করেছ এমনি লীলা তব
পূজা,,RabindranathTagore_Songs_Puja#৫৫--প্রভু-বলো-বলো-কবে,৫৫,প্রভু বলো বলো কবে
পূজা,,RabindranathTagore_Songs_Puja#৫৬--আমার-না-বলা-বাণীর-ঘন-যামিনীর-মাঝে,৫৬,আমার না-বলা বাণীর ঘন যামিনীর মাঝে
পূজা,,RabindranathTagore_Songs_Puja#৫৭--আমার-হৃদয়-তোমার-আপন-হাতের-দোলে-দোলাও,৫৭,আমার হৃদয় তোমার আপন হাতের দোলে দোলাও
পূজা,,RabindranathTagore_Songs_Puja#৫৮--ভেঙে-মোর-ঘরের-চাবি-নিয়ে-যাবি-কে-আমারে,৫৮,ভেঙে মোর ঘরের চাবি নিয়ে যাবি কে আমারে
পূজা,,RabindranathTagore_Songs_Puja#৫৯--তোমায়-কিছু-দেব-বলে-চায়-যে-আমার-মন,৫৯,তোমায় কিছু দেব ব’লে চায় যে আমার মন
পূজা,,RabindranathTagore_Songs_Puja#৬০--আমার-অভিমানের-বদলে-আজ-নেব-তোমার-মালা,৬০,আমার অভিমানের বদলে আজ নেব তোমার মালা
পূজা,,RabindranathTagore_Songs_Puja#৬১--তুমি-খুশি-থাক-আমার-পানে-চেয়ে-চেয়ে,৬১,তুমি খুশি থাক আমার পানে চেয়ে চেয়ে
পূজা,,RabindranathTagore_Songs_Puja#৬২--আমার-সকল-রসের-ধারা,৬২,আমার সকল রসের ধারা
পূজা,,RabindranathTagore_Songs_Puja#৬৩--রাত্রি-এসে-যেথায়-মেশে-দিনের-পারাবারে,৬৩,রাত্রি এসে যেথায় মেশে দিনের পারাবারে
পূজা,,RabindranathTagore_Songs_Puja#৬৪--আমার-খেলা-যখন-ছিল-তোমার-সনে,৬৪,আমার খেলা যখন ছিল তোমার সনে
পূজা,,RabindranathTagore_Songs_Puja#৬৫--সীমার-মাঝে-অসীম-তুমি-বাজাও-আপন-সুর,৬৫,সীমার মাঝে অসীম তুমি বাজাও আপন সুর
পূজা,,RabindranathTagore_Songs_Puja#৬৬--আজি-যত-তারা-তব-আকাশে,৬৬,আজি যত তারা তব আকাশে
পূজা,,RabindranathTagore_Songs_Puja#৬৭--আমি-কেমন-করিয়া-জানাব-আমার-জুড়ালো-হৃদয়-জুড়ালো,৬৭,আমি কেমন করিয়া জানাব আমার জুড়ালো হৃদয় জুড়ালো
পূজা,,RabindranathTagore_Songs_Puja#৬৮--প্রভু-আমার-প্রিয়-আমার-পরম-ধন-হে,৬৮,প্রভু আমার প্রিয় আমার পরম ধন হে
পূজা,,RabindranathTagore_Songs_Puja#৬৯--তুমি-বন্ধু-তুমি-নাথ-নিশিদিন-তুমি-আমার,৬৯,তুমি বন্ধু তুমি নাথ নিশিদিন তুমি আমার
পূজা,,RabindranathTagore_Songs_Puja#৭০--ও-অকূলের-কূল-ও-অগতির-গতি,৭০,ও অকূলের কূল ও অগতির গতি
পূজা,,RabindranathTagore_Songs_Puja#৭১--আমার-মাঝে-তোমারি-মায়া-জাগালে-তুমি-কবি,৭১,আমার মাঝে তোমারি মায়া জাগালে তুমি কবি
পূজা,,RabindranathTagore_Songs_Puja#৭২--ভুলে-যাই-থেকে-থেকে,৭২,ভুলে যাই থেকে থেকে
পূজা,,RabindranathTagore_Songs_Puja#৭৩--তোমার-এই-মাধুরী-ছাপিয়ে-আকাশ-ঝরবে,৭৩,তোমার এই মাধুরী ছাপিয়ে আকাশ ঝরবে
পূজা,,RabindranathTagore_Songs_Puja#৭৪--এরে-ভিখারি-সাজায়ে-কী-রঙ্গ-তুমি-করিলে,৭৪,এরে ভিখারি সাজায়ে কী রঙ্গ তুমি করিলে
পূজা,,RabindranathTagore_Songs_Puja#৭৫--আপনাকে-এই-জানা-আমার-ফুরাবে-না,৭৫,আপনাকে এই জানা আমার ফুরাবে না
পূজা,,RabindranathTagore_Songs_Puja#৭৬--তুমি-যে-এসেছ-মোর-ভবনে-রব-উঠেছে-ভুবনে,৭৬,তুমি যে এসেছ মোর ভবনে রব উঠেছে ভুবনে॥
পূজা,,RabindranathTagore_Songs_Puja#৭৭--তুমি-যে-চেয়ে-আছ-আকাশ-ভরে,৭৭,তুমি যে চেয়ে আছ আকাশ ভ’রে
পূজা,,RabindranathTagore_Songs_Puja#৭৮--আমার-বাণী-আমার-প্রাণে-লাগে,৭৮,আমার বাণী আমার প্রাণে লাগে
পূজা,,RabindranathTagore_Songs_Puja#৭৯--অসীম-ধন-তো-আছে-তোমার-তাহে-সাধ-না-মেটে,৭৯,অসীম ধন তো আছে তোমার তাহে সাধ না মেটে
পূজা,,RabindranathTagore_Songs_Puja#৮০--যদি-আমায়-তুমি-বাঁচাও-তবে,৮০,যদি আমায় তুমি বাঁচাও তবে
পূজা,,RabindranathTagore_Songs_Puja#৮১--যিনি-সকল-কাজের-কাজী-মোরা-তাঁরি-কাজের-সঙ্গী,৮১,যিনি সকল কাজের কাজী মোরা তাঁরি কাজের সঙ্গী
পূজা,,RabindranathTagore_Songs_Puja#৮২--আমরা-তারেই-জানি-তারেই-জানি-সাথের-সাথি,৮২,আমরা তারেই জানি তারেই জানি সাথের সাথি
পূজা,,RabindranathTagore_Songs_Puja#৮৩--যা-হবার-তা-হবে,৮৩,যা হবার তা হবে
পূজা,,RabindranathTagore_Songs_Puja#৮৪--অন্ধকারের-মাঝে-আমায়-ধরেছ-দুই-হাতে,৮৪,অন্ধকারের মাঝে আমায় ধরেছ দুই হাতে
পূজা,,RabindranathTagore_Songs_Puja#৮৫--হে-মোর-দেবতা-ভরিয়া-এ-দেহ-প্রাণ,৮৫,হে মোর দেবতা ভরিয়া এ দেহ প্রাণ
পূজা,,RabindranathTagore_Songs_Puja#৮৬--শুধু-কি-তার-বেঁধেই-তোর-কাজ-ফুরাবে,৮৬,শুধু কি তার বেঁধেই তোর কাজ ফুরাবে
পূজা,,RabindranathTagore_Songs_Puja#৮৭--আমারে-তুমি-কিসের-ছলে-পাঠাবে-দূরে,৮৭,আমারে তুমি কিসের ছলে পাঠাবে দূরে
পূজা,,RabindranathTagore_Songs_Puja#৮৮--সভায়-তোমার-থাকি-সবার-শাসনে,৮৮,সভায় তোমার থাকি সবার শাসনে
পূজা,,RabindranathTagore_Songs_Puja#৮৯--তোমার-প্রেমে-ধন্য-কর-যারে-সত্য-করে-পায়-সে-আপনারে,৮৯,তোমার প্রেমে ধন্য কর যারে সত্য ক’রে পায় সে আপনারে॥
পূজা,,RabindranathTagore_Songs_Puja#৯০--লুকিয়ে-আস-আঁধার-রাতে-তুমি-আমার-বন্ধু,৯০,লুকিয়ে আস আঁধার রাতে তুমি আমার বন্ধু
পূজা,,RabindranathTagore_Songs_Puja#৯১--তুমি-কি-এসেছ-মোর-দ্বারে,৯১,তুমি কি এসেছ মোর দ্বারে
পূজা,,RabindranathTagore_Songs_Puja#৯২--আজ-আলোকের-এই-ঝর্ণাধারায়-ধুইয়ে-দাও,৯২,আজ আলোকের এই ঝর্ণাধারায় ধুইয়ে দাও
পূজা,,RabindranathTagore_Songs_Puja#৯৩--এ-অন্ধকার-ডুবাও-তোমার-অতল-অন্ধকারে,৯৩,এ অন্ধকার ডুবাও তোমার অতল অন্ধকারে
পূজা,,RabindranathTagore_Songs_Puja#৯৪--ধায়-যেন-মোর-সকল-ভালোবাসা,৯৪,ধায় যেন মোর সকল ভালোবাসা
পূজা,,RabindranathTagore_Songs_Puja#৯৫--জীবন-যখন-শুকায়ে-যায়-করুণাধারায়-এসো,৯৫,জীবন যখন শুকায়ে যায় করুণাধারায় এসো
পূজা,,RabindranathTagore_Songs_Puja#৯৬--পাত্রখানা-যায়-যদি-যাক-ভেঙেচুরে,৯৬,পাত্রখানা যায় যদি যাক ভেঙেচুরে
পূজা,,RabindranathTagore_Songs_Puja#৯৭--গাব-তোমার-সুরে-দাও-সে-বীণাযন্ত্র,৯৭,গাব তোমার সুরে দাও সে বীণাযন্ত্র
পূজা,,RabindranathTagore_Songs_Puja#৯৮--শ্রাবণের-ধারার-মতো-পড়ুক-ঝরে-পড়ুক-ঝরে,৯৮,শ্রাবণের ধারার মতো পড়ুক ঝরে পড়ুক ঝরে
পূজা,,RabindranathTagore_Songs_Puja#৯৯--বাজাও-আমারে-বাজাও,৯৯,বাজাও আমারে বাজাও
পূজা,,RabindranathTagore_Songs_Puja#১০০--তুমি-যত-ভার-দিয়েছ-সে-ভার-করিয়া-দিয়েছ-সোজা,১০০,তুমি যত ভার দিয়েছ সে ভার করিয়া দিয়েছ সোজা
পূজা,,RabindranathTagore_Songs_Puja#১০১--দাঁড়াও-আমার-আঁখির-আগে,১০১,দাঁড়াও আমার আঁখির আগে
পূজা,,RabindranathTagore_Songs_Puja#১০২--যদি-এ-আমার-হৃদয়দুয়ার-বন্ধ-রহে-গো-কভু,১০২,যদি এ আমার হৃদয়দুয়ার বন্ধ রহে গো কভু
পূজা,,RabindranathTagore_Songs_Puja#১০৩--তোমারি-রাগিণী-জীবনকুঞ্জে-বাজে-যেন-সদা-বাজে-গো,১০৩,তোমারি রাগিণী জীবনকুঞ্জে বাজে যেন সদা বাজে গো
পূজা,,RabindranathTagore_Songs_Puja#১০৪--চরণ-ধরিতে-দিয়ো-গো-আমারে-নিয়ো-না-নিয়ো-না-সরায়ে,১০৪,চরণ ধরিতে দিয়ো গো আমারে নিয়ো না নিয়ো না সরায়ে
পূজা,,RabindranathTagore_Songs_Puja#১০৫--তোমারি-নাম-বলব-নানা-ছলে,১০৫,তোমারি নাম বলব নানা ছলে
পূজা,,RabindranathTagore_Songs_Puja#১০৬--আমার-এ-ঘরে-আপনার-করে-গৃহদীপখানি-জ্বালো-হে,১০৬,আমার এ ঘরে আপনার করে গৃহদীপখানি জ্বালো হে
পূজা,,RabindranathTagore_Songs_Puja#১০৭--সংসারে-তুমি-রাখিলে-মোরে-যে-ঘরে,১০৭,সংসারে তুমি রাখিলে মোরে যে ঘরে
পূজা,,RabindranathTagore_Songs_Puja#১০৮--আমার-মুখের-কথা-তোমার-নাম-দিয়ে-দাও-ধুয়ে,১০৮,আমার মুখের কথা তোমার নাম দিয়ে দাও ধুয়ে
পূজা,,RabindranathTagore_Songs_Puja#১০৯--প্রাণ-ভরিয়ে-তৃষা-হরিয়ে,১০৯,প্রাণ ভরিয়ে তৃষা হরিয়ে
পূজা,,RabindranathTagore_Songs_Puja#১১০--বল-দাও-মোরে-বল-দাও-প্রাণে-দাও-মোর-শকতি,১১০,বল দাও মোরে বল দাও প্রাণে দাও মোর শকতি
পূজা,,RabindranathTagore_Songs_Puja#১১১--অন্তর-মম-বিকশিত-করো-অন্তরতর-হে,১১১,অন্তর মম বিকশিত করো অন্তরতর হে
পূজা,,RabindranathTagore_Songs_Puja#১১২--আমার-বিচার-তুমি-করো-তব-আপন-করে,১১২,আমার বিচার তুমি করো তব আপন করে
পূজা,,RabindranathTagore_Songs_Puja#১১৩--তোমারি-ইচ্ছা-হউক-পূর্ণ-করুণাময়-স্বামী,১১৩,তোমারি ইচ্ছা হউক পূর্ণ করুণাময় স্বামী
পূজা,,RabindranathTagore_Songs_Puja#১১৪--অন্ধজনে-দেহো-আলো-মৃতজনে-দেহো-প্রাণ,১১৪,অন্ধজনে দেহো আলো মৃতজনে দেহো প্রাণ
পূজা,,RabindranathTagore_Songs_Puja#১১৫--হে-মহাজীবন-হে-মহামরণ-লইনু-শরণ-লইনু-শরণ,১১৫,হে মহাজীবন হে মহামরণ লইনু শরণ লইনু শরণ॥
পূজা,,RabindranathTagore_Songs_Puja#১১৬--পথে-যেতে-ডেকেছিলে-মোরে,১১৬,পথে যেতে ডেকেছিলে মোরে
পূজা,,RabindranathTagore_Songs_Puja#১১৭--দুয়ারে-দাও-মোরে-রাখিয়া-নিত্য-কল্যাণ-কাজে-হে,১১৭,দুয়ারে দাও মোরে রাখিয়া নিত্য কল্যাণ-কাজে হে
পূজা,,RabindranathTagore_Songs_Puja#১১৮--ধনে-জনে-আছি-জড়ায়ে-হায়,১১৮,ধনে জনে আছি জড়ায়ে হায়
পূজা,,RabindranathTagore_Songs_Puja#১১৯--তোমারি-সেবক-করো-হে-আজি-হতে-আমারে,১১৯,তোমারি সেবক করো হে আজি হতে আমারে
পূজা,,RabindranathTagore_Songs_Puja#১২০--তুমি-এবার-আমায়-লহো-হে-নাথ-লহো,১২০,তুমি এবার আমায় লহো হে নাথ লহো
পূজা,,RabindranathTagore_Songs_Puja#১২১--হৃদয়ে-তোমার-দয়া-যেন-পাই,১২১,হৃদয়ে তোমার দয়া যেন পাই
পূজা,,RabindranathTagore_Songs_Puja#১২২--ভুবনেশ্বর-হে,১২২,ভুবনেশ্বর হে
পূজা,,RabindranathTagore_Songs_Puja#১২৩--আমার-সত্য-মিথ্যা-সকলই-ভুলায়ে-দাও,১২৩,আমার সত্য মিথ্যা সকলই ভুলায়ে দাও
পূজা,,RabindranathTagore_Songs_Puja#১২৪--ভয়-হতে-তব-অভয়মাঝে-নূতন-জনম-দাও-হে,১২৪,ভয় হতে তব অভয়মাঝে নূতন জনম দাও হে॥
পূজা,,RabindranathTagore_Songs_Puja#১২৫--পাদপ্রান্তে-রাখ-সেবকে,১২৫,পাদপ্রান্তে রাখ’ সেবকে
পূজা,,RabindranathTagore_Songs_Puja#১২৬--বরিষ-ধরা-মাঝে-শান্তির-বারি,১২৬,বরিষ ধরা-মাঝে শান্তির বারি
পূজা,,RabindranathTagore_Songs_Puja#১২৭--সার্থক-কর-সাধন,১২৭,সার্থক কর’ সাধন
পূজা,,RabindranathTagore_Songs_Puja#১২৮--আমার-মিলন-লাগি-তুমি-আসছ-কবে-থেকে,১২৮,আমার মিলন লাগি তুমি আসছ কবে থেকে
পূজা,,RabindranathTagore_Songs_Puja#১২৯--কোথায়-আলো-কোথায়-ওরে-আলো,১২৯,কোথায় আলো কোথায় ওরে আলো
পূজা,,RabindranathTagore_Songs_Puja#১৩০--তোরা-শুনিস-নি-কি-শুনিস-নি-তার-পায়ের-ধ্বনি,১৩০,তোরা শুনিস নি কি শুনিস নি তার পায়ের ধ্বনি
পূজা,,RabindranathTagore_Songs_Puja#১৩১--হে-অন্তরের-ধন,১৩১,হে অন্তরের ধন
পূজা,,RabindranathTagore_Songs_Puja#১৩২--তোমার-পূজার-ছলে-তোমায়-ভুলেই-থাকি,১৩২,তোমার পূজার ছলে তোমায় ভুলেই থাকি
পূজা,,RabindranathTagore_Songs_Puja#১৩৩--নীরবে-আছ-কেন-বাহিরদুয়ারে,১৩৩,নীরবে আছ কেন বাহিরদুয়ারে
পূজা,,RabindranathTagore_Songs_Puja#১৩৪--তোমার-আমার-এই-বিরহের-অন্তরালে,১৩৪,তোমার আমার এই বিরহের অন্তরালে
পূজা,,RabindranathTagore_Songs_Puja#১৩৫--নিশা-অবসানে-কে-দিল-গোপনে-আনি,১৩৫,নিশা-অবসানে কে দিল গোপনে আনি
পূজা,,RabindranathTagore_Songs_Puja#১৩৬--বিশ্ব-যখন-নিদ্রামগন-গগন-অন্ধকার,১৩৬,বিশ্ব যখন নিদ্রামগন গগন অন্ধকার
পূজা,,RabindranathTagore_Songs_Puja#১৩৭--যে-দিন-ফুটল-কমল-কিছুই-জানি-নাই,১৩৭,যে দিন ফুটল কমল কিছুই জানি নাই
পূজা,,RabindranathTagore_Songs_Puja#১৩৮--প্রভু-তোমা-লাগি-আঁখি-জাগে,১৩৮,প্রভু তোমা লাগি আঁখি জাগে
পূজা,,RabindranathTagore_Songs_Puja#১৩৯--যদি-তোমার-দেখা-না-পাই-প্রভু-এবার-এ-জীবনে,১৩৯,যদি তোমার দেখা না পাই প্রভু এবার এ জীবনে
পূজা,,RabindranathTagore_Songs_Puja#১৪০--হেরি-অহরহ-তোমারি-বিরহ-ভুবনে-ভুবনে-রাজে-হে,১৪০,হেরি অহরহ তোমারি বিরহ ভুবনে ভুবনে রাজে হে
পূজা,,RabindranathTagore_Songs_Puja#১৪১--আমার-গোধূলিলগন-এল-বুঝি-কাছে-গোধূলি-লগন-রে,১৪১,আমার গোধূলিলগন এল বুঝি কাছে গোধূলি লগন রে
পূজা,,RabindranathTagore_Songs_Puja#১৪২--নাই-বা-ডাকো-রইব-তোমার-দ্বারে,১৪২,নাই বা ডাকো রইব তোমার দ্বারে
পূজা,,RabindranathTagore_Songs_Puja#১৪৩--সকাল-সাঁজে,১৪৩,সকাল-সাঁজে
পূজা,,RabindranathTagore_Songs_Puja#১৪৪--জগত-জুড়ে-উদার-সুরে-আনন্দগান-বাজে,১৪৪,জগত জুড়ে উদার সুরে আনন্দগান বাজে
পূজা,,RabindranathTagore_Songs_Puja#১৪৫--কোন্-শুভখনে-উদিবে-নয়নে-অপরূপ-রূপ-ইন্দু,১৪৫,কোন্‌ শুভখনে উদিবে নয়নে অপরূপ রূপ-ইন্দু
পূজা,,RabindranathTagore_Songs_Puja#১৪৬--আজ-জ্যোৎস্নারাতে-সবাই-গেছে-বনে,১৪৬,আজ জ্যোৎস্নারাতে সবাই গেছে বনে
পূজা,,RabindranathTagore_Songs_Puja#১৪৭--তুমি-এ-পার-ও-পার-কর-কে-গো-ওগো-খেয়ার-নেয়ে,১৪৭,তুমি এ-পার ও-পার কর কে গো ওগো খেয়ার নেয়ে
পূজা,,RabindranathTagore_Songs_Puja#১৪৮--বেলা-গেল-তোমার-পথ-চেয়ে,১৪৮,বেলা গেল তোমার পথ চেয়ে
পূজা,,RabindranathTagore_Songs_Puja#১৪৯--তোর-ভিতরে-জাগিয়া-কে-যে,১৪৯,তোর ভিতরে জাগিয়া কে যে
পূজা,,RabindranathTagore_Songs_Puja#১৫০--তুমি-বাহির-থেকে-দিলে-বিষম-তাড়া,১৫০,তুমি বাহির থেকে দিলে বিষম তাড়া
পূজা,,RabindranathTagore_Songs_Puja#১৫১--এখনো-গেল-না-আঁধার-এখনো-রহিল-বাধা,১৫১,এখনো গেল না আঁধার এখনো রহিল বাধা
পূজা,,RabindranathTagore_Songs_Puja#১৫২--লক্ষ্মী-যখন-আসবে-তখন-কোথায়-তারে-দিবি-রে-ঠাঁই,১৫২,লক্ষ্মী যখন আসবে তখন কোথায় তারে দিবি রে ঠাঁই
পূজা,,RabindranathTagore_Songs_Puja#১৫৩--যেতে-যেতে-চায়-না-যেতে-ফিরে-ফিরে-চায়,১৫৩,যেতে যেতে চায় না যেতে ফিরে ফিরে চায়
পূজা,,RabindranathTagore_Songs_Puja#১৫৪--বেসুর-বাজে-রে,১৫৪,বেসুর বাজে রে
পূজা,,RabindranathTagore_Songs_Puja#১৫৫--আমার-কণ্ঠ-তাঁরে-ডাকে,১৫৫,আমার কণ্ঠ তাঁরে ডাকে
পূজা,,RabindranathTagore_Songs_Puja#১৫৬--দেবতা-জেনে-দূরে-রই-দাঁড়ায়ে,১৫৬,দেবতা জেনে দূরে রই দাঁড়ায়ে
পূজা,,RabindranathTagore_Songs_Puja#১৫৭--ক্লান্তি-আমার-ক্ষমা-করো-প্রভু,১৫৭,ক্লান্তি আমার ক্ষমা করো প্রভু
পূজা,,RabindranathTagore_Songs_Puja#১৫৮--অগ্নিবীণা-বাজাও-তুমি-কেমন-করে,১৫৮,অগ্নিবীণা বাজাও তুমি কেমন ক’রে
পূজা,,RabindranathTagore_Songs_Puja#১৫৯--পথ-চেয়ে-যে-কেটে-গেল-কত-দিনে-রাতে,১৫৯,পথ চেয়ে যে কেটে গেল কত দিনে রাতে
পূজা,,RabindranathTagore_Songs_Puja#১৬০--সন্ধ্যা-হল-গো-ও-মা-সন্ধ্যা-হল-বুকে-ধরো,১৬০,সন্ধ্যা হল গো ও মা সন্ধ্যা হল বুকে ধরো
পূজা,,RabindranathTagore_Songs_Puja#১৬১--তুমি-ডাক-দিয়েছ-কোন্-সকালে-কেউ-তা-জানে-না,১৬১,তুমি ডাক দিয়েছ কোন্‌ সকালে কেউ তা জানে না
পূজা,,RabindranathTagore_Songs_Puja#১৬২--এ-যে-মোর-আবরণ,১৬২,এ যে মোর আবরণ
পূজা,,RabindranathTagore_Songs_Puja#১৬৩--সকল-জনম-ভরে-ও-মোর-দরদিয়া,১৬৩,সকল জনম ভ’রে ও মোর দরদিয়া
পূজা,,RabindranathTagore_Songs_Puja#১৬৪--আমার-ব্যথা-যখন-আনে-আমায়-তোমার-দ্বারে,১৬৪,আমার ব্যথা যখন আনে আমায় তোমার দ্বারে
পূজা,,RabindranathTagore_Songs_Puja#১৬৫--যতবার-আলো-জ্বালাতে-চাই-নিবে-যায়-বারে-বারে,১৬৫,যতবার আলো জ্বালাতে চাই নিবে যায় বারে বারে
পূজা,,RabindranathTagore_Songs_Puja#১৬৬--আবার-এরা-ঘিরেছে-মোর-মন,১৬৬,আবার এরা ঘিরেছে মোর মন
পূজা,,RabindranathTagore_Songs_Puja#১৬৭--তুমি-নব-নব-রূপে-এসো-প্রাণে,১৬৭,তুমি নব নব রূপে এসো প্রাণে
পূজা,,RabindranathTagore_Songs_Puja#১৬৮--হৃদয়নন্দনবনে-নিভৃত-এ-নিকেতনে,১৬৮,হৃদয়নন্দনবনে নিভৃত এ নিকেতনে
পূজা,,RabindranathTagore_Songs_Puja#১৬৯--বসে-আছি-হে-কবে-শুনিব-তোমার-বাণী,১৬৯,বসে আছি হে কবে শুনিব তোমার বাণী
পূজা,,RabindranathTagore_Songs_Puja#১৭০--ডাকিছ-শুনি-জাগিনু-প্রভু-আসিনু-তব-পাশে,১৭০,ডাকিছ শুনি জাগিনু প্রভু আসিনু তব পাশে
পূজা,,RabindranathTagore_Songs_Puja#১৭১--আমি-কারে-ডাকি-গো,১৭১,আমি কারে ডাকি গো
পূজা,,RabindranathTagore_Songs_Puja#১৭২--আজি-মন-চাহে-জীবনবন্ধুরে,১৭২,আজি মন চাহে জীবনবন্ধুরে
পূজা,,RabindranathTagore_Songs_Puja#১৭৩--আমার-মন-তুমি-নাথ-লবে-হরে,১৭৩,আমার মন তুমি নাথ লবে হ’রে
পূজা,,RabindranathTagore_Songs_Puja#১৭৪--ঘাটে-বসে-আছি-আনমনা-যেতেছে-বহিয়া-সুসময়,১৭৪,ঘাটে বসে আছি আনমনা যেতেছে বহিয়া সুসময়
পূজা,,RabindranathTagore_Songs_Puja#১৭৫--এই-মলিন-বস্ত্র-ছাড়তে-হবে-হবে-গো-এইবার,১৭৫,এই মলিন বস্ত্র ছাড়তে হবে হবে গো এইবার
পূজা,,RabindranathTagore_Songs_Puja#১৭৬--নিবিড়-ঘন-আঁধারে-জ্বলিছে-ধ্রুবতারা,১৭৬,নিবিড় ঘন আঁধারে জ্বলিছে ধ্রুবতারা
পূজা,,RabindranathTagore_Songs_Puja#১৭৭--প্রতিদিন-তব-গাথা-গাব-আমি-সুমধুর,১৭৭,প্রতিদিন তব গাথা গাব আমি সুমধুর
পূজা,,RabindranathTagore_Songs_Puja#১৭৮--নিশীথশয়নে-ভেবে-রাখি-মনে-ওগো-অন্তরযামী,১৭৮,নিশীথশয়নে ভেবে রাখি মনে ওগো অন্তরযামী
পূজা,,RabindranathTagore_Songs_Puja#১৭৯--প্রতিদিন-আমি-হে-জীবনস্বামী-দাঁড়াব-তোমারি-সম্মুখে,১৭৯,প্রতিদিন আমি হে জীবনস্বামী দাঁড়াব তোমারি সম্মুখে
পূজা,,RabindranathTagore_Songs_Puja#১৮০--জাগিতে-হবে-রে,১৮০,জাগিতে হবে রে
পূজা,,RabindranathTagore_Songs_Puja#১৮১--আমার-যা-আছে-আমি-সকল-দিতে-পারি-নি-তোমারে-নাথ,১৮১,আমার যা আছে আমি সকল দিতে পারি নি তোমারে নাথ
পূজা,,RabindranathTagore_Songs_Puja#১৮২--জড়ায়ে-আছে-বাধা-ছাড়ায়ে-যেতে-চাই,১৮২,জড়ায়ে আছে বাধা ছাড়ায়ে যেতে চাই
পূজা,,RabindranathTagore_Songs_Puja#১৮৩--উড়িয়ে-ধ্বজা-অভ্রভেদী-রথে,১৮৩,উড়িয়ে ধ্বজা অভ্রভেদী রথে
পূজা,,RabindranathTagore_Songs_Puja#১৮৪--আপনারে-দিয়ে-রচিলি-রে-কি-এ-আপনারই-আবরণ,১৮৪,আপনারে দিয়ে রচিলি রে কি এ আপনারই আবরণ
পূজা,,RabindranathTagore_Songs_Puja#১৮৫--বাঁধন-ছেঁড়ার-সাধন-হবে,১৮৫,বাঁধন-ছেঁড়ার সাধন হবে
পূজা,,RabindranathTagore_Songs_Puja#১৮৬--আমায়-মুক্তি-যদি-দাও-বাঁধন-খুলে,১৮৬,আমায় মুক্তি যদি দাও বাঁধন খুলে
পূজা,,RabindranathTagore_Songs_Puja#১৮৭--বিশ্বজোড়া-ফাঁদ-পেতেছ-কেমনে-দিই-ফাঁকি,১৮৭,বিশ্বজোড়া ফাঁদ পেতেছ কেমনে দিই ফাঁকি
পূজা,,RabindranathTagore_Songs_Puja#১৮৮--এ-আবরণ-ক্ষয়-হবে-গো-ক্ষয়-হবে,১৮৮,এ আবরণ ক্ষয় হবে গো ক্ষয় হবে
পূজা,,RabindranathTagore_Songs_Puja#১৮৯--সহজ-হবি-সহজ-হবি-ওরে-মন-সহজ-হবি,১৮৯,সহজ হবি সহজ হবি ওরে মন সহজ হবি
পূজা,,RabindranathTagore_Songs_Puja#১৯০--এই-কথাটা-ধরে-রাখিস-মুক্তি-তোরে-পেতেই-হবে,১৯০,এই কথাটা ধরে রাখিস মুক্তি তোরে পেতেই হবে
পূজা,,RabindranathTagore_Songs_Puja#১৯১--সেই-তো-আমি-চাই,১৯১,সেই তো আমি চাই
পূজা,,RabindranathTagore_Songs_Puja#১৯২--আর-রেখো-না-আঁধারে-আমায়-দেখতে-দাও,১৯২,আর রেখো না আঁধারে আমায় দেখতে দাও
পূজা,,RabindranathTagore_Songs_Puja#১৯৩--দুঃখের-তিমিরে-যদি-জ্বলে-তব-মঙ্গল-আলোক,১৯৩,দুঃখের তিমিরে যদি জ্বলে তব মঙ্গল-আলোক
পূজা,,RabindranathTagore_Songs_Puja#১৯৪--আমার-আঁধার-ভালো-আলোর-কাছে-বিকিয়ে-দেবে-আপনাকে-সে,১৯৪,আমার আঁধার ভালো আলোর কাছে বিকিয়ে দেবে আপনাকে সে
পূজা,,RabindranathTagore_Songs_Puja#১৯৫--এবার-দুঃখ-আমার-অসীম-পাথার-পার-হল-যে-পার-হল,১৯৫,এবার দুঃখ আমার অসীম পাথার পার হল যে পার হল
পূজা,,RabindranathTagore_Songs_Puja#১৯৬--যারে-নিজে-তুমি-ভাসিয়েছিলে-দুঃখধারার-ভরা-স্রোতে,১৯৬,যারে নিজে তুমি ভাসিয়েছিলে দুঃখধারার ভরা স্রোতে
পূজা,,RabindranathTagore_Songs_Puja#১৯৭--আমায়-দাও-গো-বলে,১৯৭,আমায় দাও গো বলে
পূজা,,RabindranathTagore_Songs_Puja#১৯৮--তোর-শিকল-আমায়-বিকল-করবে-না,১৯৮,তোর শিকল আমায় বিকল করবে না
পূজা,,RabindranathTagore_Songs_Puja#১৯৯--আমি-মারের-সাগর-পাড়ি-দেব-বিষম-ঝড়ের-বায়ে,১৯৯,আমি মারের সাগর পাড়ি দেব বিষম ঝড়ের বায়ে
পূজা,,RabindranathTagore_Songs_Puja#২০০--বাহিরে-ভুল-হানবে-যখন-অন্তরে-ভুল-ভাঙবে-কি,২০০,বাহিরে ভুল হানবে যখন অন্তরে ভুল ভাঙবে কি
পূজা,,RabindranathTagore_Songs_Puja#২০১--আমার-সকল-দুখের-প্রদীপ-জ্বেলে-দিবস-গেলে-করব-নিবেদন,২০১,আমার সকল দুখের প্রদীপ জ্বেলে দিবস গেলে করব নিবেদন
পূজা,,RabindranathTagore_Songs_Puja#২০২--আজি-বিজন-ঘরে-নিশীথরাতে-আসবে-যদি-শূন্য-হাতে,২০২,আজি বিজন ঘরে নিশীথরাতে আসবে যদি শূন্য হাতে
পূজা,,RabindranathTagore_Songs_Puja#২০৩--যখন-তোমায়-আঘাত-করি-তখন-চিনি,২০৩,যখন তোমায় আঘাত করি তখন চিনি
পূজা,,RabindranathTagore_Songs_Puja#২০৪--দুঃখ-যদি-না-পাবে-তো-দুঃখ-তোমার-ঘুচবে-কবে,২০৪,দুঃখ যদি না পাবে তো দুঃখ তোমার ঘুচবে কবে
পূজা,,RabindranathTagore_Songs_Puja#২০৫--যেতে-যেতে-একলা-পথে-নিবেছে-মোর-বাতি,২০৫,যেতে যেতে একলা পথে নিবেছে মোর বাতি
পূজা,,RabindranathTagore_Songs_Puja#২০৬--না-বাঁচাবে-আমায়-যদি-মারবে-কেন-তবে,২০৬,না বাঁচাবে আমায় যদি মারবে কেন তবে
পূজা,,RabindranathTagore_Songs_Puja#২০৭--মোর-মরণে-তোমার-হবে-জয়,২০৭,মোর মরণে তোমার হবে জয়
পূজা,,RabindranathTagore_Songs_Puja#২০৮--হৃদয়-আমার-প্রকাশ-হল-অনন্ত-আকাশে,২০৮,হৃদয় আমার প্রকাশ হল অনন্ত আকাশে
পূজা,,RabindranathTagore_Songs_Puja#২০৯--যখন-তুমি-বাঁধছিলে-তার-সে-যে-বিষম-ব্যথা,২০৯,যখন তুমি বাঁধছিলে তার সে যে বিষম ব্যথা
পূজা,,RabindranathTagore_Songs_Puja#২১০--এই-যে-কালো-মাটির-বাসা-শ্যামল-সুখের-ধরা,২১০,এই-যে কালো মাটির বাসা শ্যামল সুখের ধরা
পূজা,,RabindranathTagore_Songs_Puja#২১১--এক-হাতে-ওর-কৃপাণ-আছে-আর-এক-হাতে-হার,২১১,এক হাতে ওর কৃপাণ আছে আর-এক হাতে হার
পূজা,,RabindranathTagore_Songs_Puja#২১২--আগুনের-পরশমণি-ছোঁয়াও-প্রাণে,২১২,আগুনের পরশমণি ছোঁয়াও প্রাণে
পূজা,,RabindranathTagore_Songs_Puja#২১৩--ওরে-কে-রে-এমন-জাগায়-তোকে,২১৩,ওরে কে রে এমন জাগায় তোকে
পূজা,,RabindranathTagore_Songs_Puja#২১৪--আঘত-করে-নিলে-জিনে,২১৪,আঘত করে নিলে জিনে
পূজা,,RabindranathTagore_Songs_Puja#২১৫--ওগো-আমার-প্রাণের-ঠাকুর,২১৫,ওগো আমার প্রাণের ঠাকুর
পূজা,,RabindranathTagore_Songs_Puja#২১৬--সুখে-আমায়-রাখবে-কেন-রাখো-তোমার-কোলে,২১৬,সুখে আমায় রাখবে কেন রাখো তোমার কোলে
পূজা,,RabindranathTagore_Songs_Puja#২১৭--ও-নিঠুর-আরো-কি-বাণ-তোমার-তূণে-আছে,২১৭,ও নিঠুর আরো কি বাণ তোমার তূণে আছে
পূজা,,RabindranathTagore_Songs_Puja#২১৮--আমি-হৃদয়েতে-পথ-কেটেছি-সেথায়-চরণ-পড়ে,২১৮,আমি হৃদয়েতে পথ কেটেছি সেথায় চরণ পড়ে
পূজা,,RabindranathTagore_Songs_Puja#২১৯--তোমার-কাছে-শান্তি-চাব-না,২১৯,তোমার কাছে শান্তি চাব না
পূজা,,RabindranathTagore_Songs_Puja#২২০--যে-রাতে-মোর-দুয়ারগুলি-ভাঙল-ঝড়ে,২২০,যে রাতে মোর দুয়ারগুলি ভাঙল ঝড়ে
পূজা,,RabindranathTagore_Songs_Puja#২২১--ভয়েরে-মোর-আঘাত-করো-ভীষণ-হে-ভীষণ,২২১,ভয়েরে মোর আঘাত করো ভীষণ হে ভীষণ
পূজা,,RabindranathTagore_Songs_Puja#২২২--বজ্রে-তোমার-বাজে-বাঁশি-সে-কি-সহজ-গান,২২২,বজ্রে তোমার বাজে বাঁশি সে কি সহজ গান
পূজা,,RabindranathTagore_Songs_Puja#২২৩--এই-করেছ-ভালো-নিঠুর-হে-নিঠুর-হে-এই-করেছ-ভালো,২২৩,এই করেছ ভালো নিঠুর হে নিঠুর হে এই করেছ ভালো
পূজা,,RabindranathTagore_Songs_Puja#২২৪--আরো-আঘাত-সইবে-আমার-সইবে-আমারো,২২৪,আরো আঘাত সইবে আমার সইবে আমারো
পূজা,,RabindranathTagore_Songs_Puja#২২৫--আমি-বহু-বাসনায়-প্রাণপণে-চাই-বঞ্চিত-করে-বাঁচালে-মোরে,২২৫,আমি বহু বাসনায় প্রাণপণে চাই বঞ্চিত করে বাঁচালে মোরে
পূজা,,RabindranathTagore_Songs_Puja#২২৬--প্রচণ্ড-গর্জনে-আসিল-একি-দুর্দিন,২২৬,প্রচণ্ড গর্জনে আসিল একি দুর্দিন
পূজা,,RabindranathTagore_Songs_Puja#২২৭--বিপদে-মোরে-রক্ষা-করো-এ-নহে-মোর-প্রার্থনা,২২৭,বিপদে মোরে রক্ষা করো এ নহে মোর প্রার্থনা
পূজা,,RabindranathTagore_Songs_Puja#২২৮--আরো-আরো-প্রভু-আরো-আরো,২২৮,আরো আরো প্রভু আরো আরো
পূজা,,RabindranathTagore_Songs_Puja#২২৯--তোমার-সোনার-থালায়-সাজাব-আজ-দুখের-অশ্রুধার,২২৯,তোমার সোনার থালায় সাজাব আজ দুখের অশ্রুধার
পূজা,,RabindranathTagore_Songs_Puja#২৩০--দুখের-বেশে-এসেছ-বলে-তোমারে-নাহি-ডরিব-হে,২৩০,দুখের বেশে এসেছ ব’লে তোমারে নাহি ডরিব হে
পূজা,,RabindranathTagore_Songs_Puja#২৩১--তোমার-পতাকা-যারে-দাও-তারে-বহিবারে-দাও-শকতি,২৩১,তোমার পতাকা যারে দাও তারে বহিবারে দাও শকতি
পূজা,,RabindranathTagore_Songs_Puja#২৩২--দুখ-দিয়েছ-দিয়েছ-ক্ষতি-নাই-কেন-গো-একেলা-ফেলে-রাখ,২৩২,দুখ দিয়েছ দিয়েছ ক্ষতি নাই কেন গো একেলা ফেলে রাখ
পূজা,,RabindranathTagore_Songs_Puja#২৩৩--হে-মহাদুঃখ-হে-রুদ্র-হে-ভয়ঙ্কর-ওহে-শঙ্কর-হে-প্রলয়ঙ্কর,২৩৩,হে মহাদুঃখ হে রুদ্র হে ভয়ঙ্কর ওহে শঙ্কর হে প্রলয়ঙ্কর
পূজা,,RabindranathTagore_Songs_Puja#২৩৪--সর্ব-খর্বতারে-দহে-তব-ত্রোধদাহ,২৩৪,সর্ব খর্বতারে দহে তব ত্রোধদাহ
পূজা,,RabindranathTagore_Songs_Puja#২৩৫--নয়-এ-মধুর-খেলা,২৩৫,নয় এ মধুর খেলা
পূজা,,RabindranathTagore_Songs_Puja#২৩৬--জাগো-হে-রুদ্র-জাগো,২৩৬,জাগো হে রুদ্র জাগো
পূজা,,RabindranathTagore_Songs_Puja#২৩৭--পিনাকেতে-লাগে-টঙ্কার,২৩৭,পিনাকেতে লাগে টঙ্কার
পূজা,,RabindranathTagore_Songs_Puja#২৩৮--প্রাণে-গান-নাই-মিছে-তাই-ফিরিনু-যে,২৩৮,প্রাণে গান নাই মিছে তাই ফিরিনু যে
পূজা,,RabindranathTagore_Songs_Puja#২৩৯--যা-হারিয়ে-যায়-তা-আগলে-বসে-রইব-কত-আর,২৩৯,যা হারিয়ে যায় তা আগলে ব’সে রইব কত আর
পূজা,,RabindranathTagore_Songs_Puja#২৪০--আনন্দ-তুমি-স্বামি-মঙ্গল-তুমি,২৪০,আনন্দ তুমি স্বামি মঙ্গল তুমি
পূজা,,RabindranathTagore_Songs_Puja#২৪১--ওরে-ভীরু-তোমার-হাতে-নাই-ভুবনের-ভার,২৪১,ওরে ভীরু তোমার হাতে নাই ভুবনের ভার
পূজা,,RabindranathTagore_Songs_Puja#২৪২--ওই--আলো-যে-যায়-রে-দেখা,২৪২,ওই ) আলো যে যায় রে দেখা
পূজা,,RabindranathTagore_Songs_Puja#২৪৩--তোমার-দ্বারে-কেন-আসি-ভুলেই-যে-যাই-কতই-কী-চাই,২৪৩,তোমার দ্বারে কেন আসি ভুলেই যে যাই কতই কী চাই
পূজা,,RabindranathTagore_Songs_Puja#২৪৪--তুমি-জানো-ওগো-অন্তর্যামী,২৪৪,তুমি জানো ওগো অন্তর্যামী
পূজা,,RabindranathTagore_Songs_Puja#২৪৫--তোমার-দুয়ার-খোলার-ধ্বনি-ওই-গো-বাজে-হৃদয়মাঝে,২৪৫,তোমার দুয়ার খোলার ধ্বনি ওই গো বাজে হৃদয়মাঝে॥
পূজা,,RabindranathTagore_Songs_Puja#২৪৬--আমার-যে-আসে-কাছে-যে-যায়-চলে-দূরে,২৪৬,আমার যে আসে কাছে যে যায় চলে দূরে
পূজা,,RabindranathTagore_Songs_Puja#২৪৭--হার-মানা-হার-পরাব-তোমার-গলে,২৪৭,হার-মানা হার পরাব তোমার গলে
পূজা,,RabindranathTagore_Songs_Puja#২৪৮--আছে-দুঃখ-আছে-মৃত্যু-বিরহদহন-লাগে,২৪৮,আছে দুঃখ আছে মৃত্যু বিরহদহন লাগে
পূজা,,RabindranathTagore_Songs_Puja#২৪৯--অন্তরে-জাগিছ-অন্তরযামী,২৪৯,অন্তরে জাগিছ অন্তরযামী
পূজা,,RabindranathTagore_Songs_Puja#২৫০--দীর্ঘ-জীবনপথ-কত-দুঃখতাপ-কত-শোকদহন,২৫০,দীর্ঘ জীবনপথ কত দুঃখতাপ কত শোকদহন
পূজা,,RabindranathTagore_Songs_Puja#২৫১--আজি-কোন্-ধন-হতে-বিশ্বে-আমারে,২৫১,আজি কোন্‌ ধন হতে বিশ্বে আমারে
পূজা,,RabindranathTagore_Songs_Puja#২৫২--কে-যায়-অমৃতধামযাত্রী,২৫২,কে যায় অমৃতধামযাত্রী
পূজা,,RabindranathTagore_Songs_Puja#২৫৩--চোখের-আলোয়-দেখেছিলেম-চোখের-বাহিরে,২৫৩,চোখের আলোয় দেখেছিলেম চোখের বাহিরে
পূজা,,RabindranathTagore_Songs_Puja#২৫৪--এবার-নীরব-করে-দাও-হে-তোমার-মুখর-কবিরে,২৫৪,এবার নীরব করে দাও হে তোমার মুখর কবিরে
পূজা,,RabindranathTagore_Songs_Puja#২৫৫--একমনে-তোর-একতারাতে-একটি-যে-তার-সেইটি-বাজা,২৫৫,একমনে তোর একতারাতে একটি যে তার সেইটি বাজা
পূজা,,RabindranathTagore_Songs_Puja#২৫৬--গভীর-রজনী-নামিল-হৃদয়ে-আর-কোলাহল-নাই,২৫৬,গভীর রজনী নামিল হৃদয়ে আর কোলাহল নাই
পূজা,,RabindranathTagore_Songs_Puja#২৫৭--ভুবন-হইতে-ভুবনবাসী-এসো-আপন-হৃদয়ে,২৫৭,ভুবন হইতে ভুবনবাসী এসো আপন হৃদয়ে
পূজা,,RabindranathTagore_Songs_Puja#২৫৮--জীবন-যখন-ছিল-ফুলের-মতো,২৫৮,জীবন যখন ছিল ফুলের মতো
পূজা,,RabindranathTagore_Songs_Puja#২৫৯--বাধা-দিলে-বাধবে-লড়াই-মরতে-হবে,২৫৯,বাধা দিলে বাধবে লড়াই মরতে হবে
পূজা,,RabindranathTagore_Songs_Puja#২৬০--তুই-কেবল-থাকিস-সরে-সরে,২৬০,তুই কেবল থাকিস সরে সরে
পূজা,,RabindranathTagore_Songs_Puja#২৬১--দাঁড়াও-মন-অনন্ত-ব্রহ্মাণ্ড-মাঝে-আনন্দসভাভবনে-আজ,২৬১,দাঁড়াও মন অনন্ত ব্রহ্মাণ্ড-মাঝে আনন্দসভাভবনে আজ॥
পূজা,,RabindranathTagore_Songs_Puja#২৬২--নদীপারের-এই-আষাঢ়ের-প্রভাতখানি,২৬২,নদীপারের এই আষাঢ়ের প্রভাতখানি
পূজা,,RabindranathTagore_Songs_Puja#২৬৩--শান্ত-হ-রে-মম-চিত্ত-নিরাকুল-শান্ত-হ-রে-ওরে-দীন,২৬৩,শান্ত হ রে মম চিত্ত নিরাকুল শান্ত হ রে ওরে দীন
পূজা,,RabindranathTagore_Songs_Puja#২৬৪--শুভ্র-নব-শঙ্খ-তব-গগন-ভরি-বাজে,২৬৪,শুভ্র নব শঙ্খ তব গগন ভরি বাজে
পূজা,,RabindranathTagore_Songs_Puja#২৬৫--পূর্বগগনভাগে,২৬৫,পূর্বগগনভাগে
পূজা,,RabindranathTagore_Songs_Puja#২৬৬--মন-জাগ-মঙ্গললোকে-অমল-অমৃতময়-নব-আলোকে,২৬৬,মন জাগ’ মঙ্গললোকে অমল অমৃতময় নব আলোকে
পূজা,,RabindranathTagore_Songs_Puja#২৬৭--ভোরের-বেলা-কখন-এসে-পরশ-করে-গেছ-হেসে,২৬৭,ভোরের বেলা কখন এসে পরশ করে গেছ হেসে॥
পূজা,,RabindranathTagore_Songs_Puja#২৬৮--এখনো-ঘোর-ভাঙে-না-তোর-যে-মেলে-না-তোর-আঁখি,২৬৮,এখনো ঘোর ভাঙে না তোর যে মেলে না তোর আঁখি
পূজা,,RabindranathTagore_Songs_Puja#২৬৯--আজি-নির্ভয়নিদ্রিত-ভুবনে-জাগে-কে-জাগে,২৬৯,আজি নির্ভয়নিদ্রিত ভুবনে জাগে কে জাগে
পূজা,,RabindranathTagore_Songs_Puja#২৭০--ভোর-হল-বিভাবরী-পথ-হল-অবসান,২৭০,ভোর হল বিভাবরী পথ হল অবসান
পূজা,,RabindranathTagore_Songs_Puja#২৭১--নিশার-স্বপন-ছুটল-রে-এই-ছুটল-রে-টুটল-বাঁধন-টুটল-রে,২৭১,নিশার স্বপন ছুটল রে এই ছুটল রে টুটল বাঁধন টুটল রে॥
পূজা,,RabindranathTagore_Songs_Puja#২৭২--অনেক-দিনের-শূন্যতা-মোর-ভরতে-হবে,২৭২,অনেক দিনের শূন্যতা মোর ভরতে হবে
পূজা,,RabindranathTagore_Songs_Puja#২৭৩--হে-চিরনূতন-আজি-এ-দিনের-প্রথম-গানে,২৭৩,হে চিরনূতন আজি এ দিনের প্রথম গানে
পূজা,,RabindranathTagore_Songs_Puja#২৭৪--প্রাণের-প্রাণ-জাগিছে-তোমারি-প্রাণে,২৭৪,প্রাণের প্রাণ জাগিছে তোমারি প্রাণে
পূজা,,RabindranathTagore_Songs_Puja#২৭৫--জাগো-নির্মল-নেত্রে-রাত্রির-পরপারে,২৭৫,জাগো নির্মল নেত্রে রাত্রির পরপারে
পূজা,,RabindranathTagore_Songs_Puja#২৭৬--স্বপন-যদি-ভাঙিলে-রজনীপ্রভাতে,২৭৬,স্বপন যদি ভাঙিলে রজনীপ্রভাতে
পূজা,,RabindranathTagore_Songs_Puja#২৭৭--বাজাও-তুমি-কবি-তোমার-সঙ্গীত-সুমধুর,২৭৭,বাজাও তুমি কবি তোমার সঙ্গীত সুমধুর
পূজা,,RabindranathTagore_Songs_Puja#২৭৮--মনোমোহন-গহন-যামিনীশেষে,২৭৮,মনোমোহন গহন যামিনীশেষে
পূজা,,RabindranathTagore_Songs_Puja#২৭৯--পান্থ-এখনো-কেন-অলসিত-অঙ্গ,২৭৯,পান্থ এখনো কেন অলসিত অঙ্গ
পূজা,,RabindranathTagore_Songs_Puja#২৮০--দুঃখরাতে-হে-নাথ-কে-ডাকিলে,২৮০,দুঃখরাতে হে নাথ কে ডাকিলে
পূজা,,RabindranathTagore_Songs_Puja#২৮১--ডাকো-মোরে-আজি-এ-নিশীথে,২৮১,ডাকো মোরে আজি এ নিশীথে
পূজা,,RabindranathTagore_Songs_Puja#২৮২--হরষে-জাগো-আজি-জাগো-রে-তাঁহার-সাথে,২৮২,হরষে জাগো আজি জাগো রে তাঁহার সাথে
পূজা,,RabindranathTagore_Songs_Puja#২৮৩--বিমল-আনন্দে-জাগো-রে,২৮৩,বিমল আনন্দে জাগো রে
পূজা,,RabindranathTagore_Songs_Puja#২৮৪--সবে-আনন্দ-করো,২৮৪,সবে আনন্দ করো
পূজা,,RabindranathTagore_Songs_Puja#২৮৫--তুমি-আপনি-জাগাও-মোরে-তব-সুধাপরশে,২৮৫,তুমি আপনি জাগাও মোরে তব সুধাপরশে
পূজা,,RabindranathTagore_Songs_Puja#২৮৬--নূতন-প্রাণ-দাও-প্রাণসখা-আজি-সুপ্রভাতে,২৮৬,নূতন প্রাণ দাও প্রাণসখা আজি সুপ্রভাতে॥
পূজা,,RabindranathTagore_Songs_Puja#২৮৭--শোনো-তাঁর-সুধাবাণী-শুভমুহূর্তে-শান্তপ্রাণে,২৮৭,শোনো তাঁর সুধাবাণী শুভমুহূর্তে শান্তপ্রাণে
পূজা,,RabindranathTagore_Songs_Puja#২৮৮--নিশিদিন-চাহো-রে-তাঁর-পানে,২৮৮,নিশিদিন চাহো রে তাঁর পানে
পূজা,,RabindranathTagore_Songs_Puja#২৮৯--ওঠো-ওঠো-রে-বিফলে-প্রভাত-বহে-যায়-যে,২৮৯,ওঠো ওঠো রে বিফলে প্রভাত বহে যায় যে
পূজা,,RabindranathTagore_Songs_Puja#২৯০--ওদের-কথায়-ধাঁদা-লাগে-তোমার-কথা-অমি-বুঝি,২৯০,ওদের কথায় ধাঁদা লাগে তোমার কথা অমি বুঝি
পূজা,,RabindranathTagore_Songs_Puja#২৯১--জানি-নাই-গো-সাধন-তোমার-বলে-কারে,২৯১,জানি নাই গো সাধন তোমার বলে কারে
পূজা,,RabindranathTagore_Songs_Puja#২৯২--আমায়-ভুলতে-দিতে-নাইকো-তোমার-ভয়,২৯২,আমায় ভুলতে দিতে নাইকো তোমার ভয়
পূজা,,RabindranathTagore_Songs_Puja#২৯৩--আমার-সকল-কাঁটা-ধন্য-করে-ফুটবে-ফুল-ফুটবে,২৯৩,আমার সকল কাঁটা ধন্য করে ফুটবে ফুল ফুটবে
পূজা,,RabindranathTagore_Songs_Puja#২৯৪--তাই-তোমার-আনন্দ-আমার-পর,২৯৪,তাই তোমার আনন্দ আমার ’পর
পূজা,,RabindranathTagore_Songs_Puja#২৯৫--তব-সিংহাসনের-আসন-হতে-এলে-তুমি-নেমে,২৯৫,তব সিংহাসনের আসন হতে এলে তুমি নেমে
পূজা,,RabindranathTagore_Songs_Puja#২৯৬--জীবনে-যত-পূজা-হল-না-সারা,২৯৬,জীবনে যত পূজা হল না সারা
পূজা,,RabindranathTagore_Songs_Puja#২৯৭--জানি-জানি-কোন্-আদি-কাল-হতে,২৯৭,জানি জানি কোন্‌ আদি কাল হতে
পূজা,,RabindranathTagore_Songs_Puja#২৯৮--তুমি-যে-আমারে-চাও-আমি-সে-জানি,২৯৮,তুমি যে আমারে চাও আমি সে জানি
পূজা,,RabindranathTagore_Songs_Puja#২৯৯--জানি-হে-যবে-প্রভাত-হবে-তোমার-কৃপা-তরণী,২৯৯,জানি হে যবে প্রভাত হবে তোমার কৃপা-তরণী
পূজা,,RabindranathTagore_Songs_Puja#৩০০--নিভৃত-প্রাণের-দেবতা-যেখানে-জাগেন-একা,৩০০,নিভৃত প্রাণের দেবতা যেখানে জাগেন একা
পূজা,,RabindranathTagore_Songs_Puja#৩০১--ভক্ত-করিছে-প্রভুর-চরণে-জীবনসমর্পণ,৩০১,ভক্ত করিছে প্রভুর চরণে জীবনসমর্পণ
পূজা,,RabindranathTagore_Songs_Puja#৩০২--এসেছে-সকলে-কত-আশে-দেখো-চেয়ে,৩০২,এসেছে সকলে কত আশে দেখো চেয়ে
পূজা,,RabindranathTagore_Songs_Puja#৩০৩--ধ্বনিল-আহ্বান-মধুর-গম্ভীর-প্রভাত-অম্বর-মাঝে,৩০৩,ধ্বনিল আহ্বান মধুর গম্ভীর প্রভাত-অম্বর-মাঝে
পূজা,,RabindranathTagore_Songs_Puja#৩০৪--কী-গাব-আমি-কী-শুনাব-আজি-আনন্দধামে,৩০৪,কী গাব আমি কী শুনাব আজি আনন্দধামে
পূজা,,RabindranathTagore_Songs_Puja#৩০৫--সফল-করো-হে-প্রভু-আজি-সভা-এ-রজনী-হোক-মহোৎসবা,৩০৫,সফল করো হে প্রভু আজি সভা এ রজনী হোক মহোৎসবা॥
পূজা,,RabindranathTagore_Songs_Puja#৩০৬--হৃদিমন্দিরদ্বারে-বাজে-সুমঙ্গল-শঙ্খ,৩০৬,হৃদিমন্দিরদ্বারে বাজে সুমঙ্গল শঙ্খ॥
পূজা,,RabindranathTagore_Songs_Puja#৩০৭--ওই-পোহাইল-তিমিররাতি,৩০৭,ওই পোহাইল তিমিররাতি
পূজা,,RabindranathTagore_Songs_Puja#৩০৮--আজি-বহিছে-বসন্তপবন-সুমন্দ-তোমারি-সুগন্ধ-হে,৩০৮,আজি বহিছে বসন্তপবন সুমন্দ তোমারি সুগন্ধ হে
পূজা,,RabindranathTagore_Songs_Puja#৩০৯--আনন্দগান-উঠুক-তবে-বাজি,৩০৯,আনন্দগান উঠুক তবে বাজি
পূজা,,RabindranathTagore_Songs_Puja#৩১০--এ-দিন-আজি-কোন্-ঘরে-গো-খুলে-দিল-দ্বার,৩১০,এ দিন আজি কোন্‌ ঘরে গো খুলে দিল দ্বার
পূজা,,RabindranathTagore_Songs_Puja#৩১১--ওই-অমল-হাতে-রজনী-প্রাতে-আপনি-জ্বালো,৩১১,ওই অমল হাতে রজনী প্রাতে আপনি জ্বালো
পূজা,,RabindranathTagore_Songs_Puja#৩১২--তার-অন্ত-নাই-গো-যে-আনন্দে-গড়া-আমার-অঙ্গ,৩১২,তার অন্ত নাই গো যে আনন্দে গড়া আমার অঙ্গ
পূজা,,RabindranathTagore_Songs_Puja#৩১৩--তোমার-আনন্দ-ওই-এল-দ্বারে-এল-এল-এল-গো-ওগো-পুরবাসী,৩১৩,তোমার আনন্দ ওই এল দ্বারে এল এল এল গো ওগো পুরবাসী
পূজা,,RabindranathTagore_Songs_Puja#৩১৪--প্রাণে-খুশির-তুফান-উঠেছে,৩১৪,প্রাণে খুশির তুফান উঠেছে
পূজা,,RabindranathTagore_Songs_Puja#৩১৫--পারবি-না-কি-যোগ-দিতে-এই-ছন্দে-রে,৩১৫,পারবি না কি যোগ দিতে এই ছন্দে রে
পূজা,,RabindranathTagore_Songs_Puja#৩১৬--প্রেমে-প্রাণে-গানে-গন্ধে-আলোকে-পুলকে,৩১৬,প্রেমে প্রাণে গানে গন্ধে আলোকে পুলকে
পূজা,,RabindranathTagore_Songs_Puja#৩১৭--জগতে-আনন্দযজ্ঞে-আমার-নিমন্ত্রণ,৩১৭,জগতে আনন্দযজ্ঞে আমার নিমন্ত্রণ
পূজা,,RabindranathTagore_Songs_Puja#৩১৮--গায়ে-আমার-পুলক-লাগে-চোখে-ঘনায়-ঘোর,৩১৮,গায়ে আমার পুলক লাগে চোখে ঘনায় ঘোর
পূজা,,RabindranathTagore_Songs_Puja#৩১৯--আলোয়-আলোকময়-করে-হে-এলে-আলোর-আলো,৩১৯,আলোয় আলোকময় করে হে এলে আলোর আলো
পূজা,,RabindranathTagore_Songs_Puja#৩২০--আজি-এ-আনন্দসন্ধ্যা-সুন্দর-বিকাশে-আহা,৩২০,আজি এ আনন্দসন্ধ্যা সুন্দর বিকাশে আহা॥
পূজা,,RabindranathTagore_Songs_Puja#৩২১--বাজে-বাজে-রম্যবীণা-বাজে,৩২১,বাজে বাজে রম্যবীণা বাজে
পূজা,,RabindranathTagore_Songs_Puja#৩২২--বিপুল-তরঙ্গ-রে-বিপুল-তরঙ্গ-রে,৩২২,বিপুল তরঙ্গ রে বিপুল তরঙ্গ রে
পূজা,,RabindranathTagore_Songs_Puja#৩২৩--সদা-থাকো-আনন্দে-সংসারে-নির্ভয়ে-নির্মলপ্রাণে,৩২৩,সদা থাকো আনন্দে সংসারে নির্ভয়ে নির্মলপ্রাণে॥
পূজা,,RabindranathTagore_Songs_Puja#৩২৪--বহে-নিরন্তর-অনন্ত-আনন্দধারা,৩২৪,বহে নিরন্তর অনন্ত আনন্দধারা॥
পূজা,,RabindranathTagore_Songs_Puja#৩২৫--অমল-কমল-সহজে-জলের-কোলে-আনন্দে-রহে-ফুটিয়া,৩২৫,অমল কমল সহজে জলের কোলে আনন্দে রহে ফুটিয়া
পূজা,,RabindranathTagore_Songs_Puja#৩২৬--আনন্দধারা-বহিছে-ভুবনে,৩২৬,আনন্দধারা বহিছে ভুবনে
পূজা,,RabindranathTagore_Songs_Puja#৩২৭--নব-আনন্দে-জাগো-আজি-নবরবিকিরণে,৩২৭,নব আনন্দে জাগো আজি নবরবিকিরণে
পূজা,,RabindranathTagore_Songs_Puja#৩২৮--হেরি-তব-বিমলমুখভাতি-দূর-হল-গহন-দুখরাতি,৩২৮,হেরি তব বিমলমুখভাতি দূর হল গহন দুখরাতি
পূজা,,RabindranathTagore_Songs_Puja#৩২৯--এত-আনন্দধ্বনি-উঠিল-কোথায়,৩২৯,এত আনন্দধ্বনি উঠিল কোথায়
পূজা,,RabindranathTagore_Songs_Puja#৩৩০--আঁধার-রজনী-পোহালো-জগত-পূরিল-পুলকে,৩৩০,আঁধার রজনী পোহালো জগত পূরিল পুলকে
পূজা,,RabindranathTagore_Songs_Puja#৩৩১--হৃদয়বাসনা-পূর্ণ-হল-আজি-মম-পূর্ণ-হল-শুন-সবে-জগতজনে,৩৩১,হৃদয়বাসনা পূর্ণ হল আজি মম পূর্ণ হল শুন সবে জগতজনে॥
পূজা,,RabindranathTagore_Songs_Puja#৩৩২--ক্ষত-যত-ক্ষতি-যত-মিছে-হতে-মিছে,৩৩২,ক্ষত যত ক্ষতি যত মিছে হতে মিছে
পূজা,,RabindranathTagore_Songs_Puja#৩৩৩--আমি-সংসারে-মন-দিয়েছিনু-তুমি-আপনি-সে-মন-নিয়েছ,৩৩৩,আমি সংসারে মন দিয়েছিনু তুমি আপনি সে মন নিয়েছ
পূজা,,RabindranathTagore_Songs_Puja#৩৩৪--আজিকে-এই-সকালবেলাতে,৩৩৪,আজিকে এই সকালবেলাতে
পূজা,,RabindranathTagore_Songs_Puja#৩৩৫--যে-ধ্রুবপদ-দিয়েছ-বাঁধি-বিশ্বতানে,৩৩৫,যে ধ্রুবপদ দিয়েছ বাঁধি বিশ্বতানে
পূজা,,RabindranathTagore_Songs_Puja#৩৩৬--ওরে-তোরা-যারা-শুনবি-না,৩৩৬,ওরে তোরা যারা শুনবি না
পূজা,,RabindranathTagore_Songs_Puja#৩৩৭--মহাবিশ্বে-মহাকাশে-মহাকাল-মাঝে,৩৩৭,মহাবিশ্বে মহাকাশে মহাকাল-মাঝে
পূজা,,RabindranathTagore_Songs_Puja#৩৩৮--আছ-আপন-মহিমা-লয়ে-মোর-গগনে-রবি,৩৩৮,আছ আপন মহিমা লয়ে মোর গগনে রবি
পূজা,,RabindranathTagore_Songs_Puja#৩৩৯--আমার-মুক্তি-আলোয়-আলোয়-এই-আকাশে,৩৩৯,আমার মুক্তি আলোয় আলোয় এই আকাশে
পূজা,,RabindranathTagore_Songs_Puja#৩৪০--আমার-প্রাণে-গভীর-গোপন-মহা-আপন-সে-কি,৩৪০,আমার প্রাণে গভীর গোপন মহা-আপন সে কি
পূজা,,RabindranathTagore_Songs_Puja#৩৪১--আজি-মর্মরধ্বনি-কেন-জাগিল-রে,৩৪১,আজি মর্মরধ্বনি কেন জাগিল রে
পূজা,,RabindranathTagore_Songs_Puja#৩৪২--প্রথম-আলোর-চরণধ্বনি-উঠল-বেজে-যেই,৩৪২,প্রথম আলোর চরণধ্বনি উঠল বেজে যেই
পূজা,,RabindranathTagore_Songs_Puja#৩৪৩--তোমার-হাতের-রাখীখানি-বাঁধো-আমার-দখিন-হাতে,৩৪৩,তোমার হাতের রাখীখানি বাঁধো আমার দখিন-হাতে
পূজা,,RabindranathTagore_Songs_Puja#৩৪৪--বুঝেছি-কি-বুঝি-নাই-বা-সে-তর্কে-কাজ-নাই,৩৪৪,বুঝেছি কি বুঝি নাই বা সে তর্কে কাজ নাই
পূজা,,RabindranathTagore_Songs_Puja#৩৪৫--ফেলে-রাখলেই-কি-পড়ে-রবে-ও-অবোধ,৩৪৫,ফেলে রাখলেই কি পড়ে রবে ও অবোধ
পূজা,,RabindranathTagore_Songs_Puja#৩৪৬--দেওয়া-নেওয়া-ফিরিয়ে-দেওয়া-তোমায়-আমায়,৩৪৬,দেওয়া নেওয়া ফিরিয়ে-দেওয়া তোমায় আমায়
পূজা,,RabindranathTagore_Songs_Puja#৩৪৭--অরূপবীণা-রূপের-আড়ালে-লুকিয়ে-বাজে,৩৪৭,অরূপবীণা রূপের আড়ালে লুকিয়ে বাজে
পূজা,,RabindranathTagore_Songs_Puja#৩৪৮--আমি-জ্বালব-না-মোর-বাতায়নে-প্রদীপ-আনি,৩৪৮,আমি জ্বালব না মোর বাতায়নে প্রদীপ আনি
পূজা,,RabindranathTagore_Songs_Puja#৩৪৯--আমি-যখন-তাঁর-দুয়ারে-ভিক্ষা-নিতে-যাই-তখন-যাহা-পাই,৩৪৯,আমি যখন তাঁর দুয়ারে ভিক্ষা নিতে যাই তখন যাহা পাই
পূজা,,RabindranathTagore_Songs_Puja#৩৫০--আকাশ-জুড়ে-শুনিনু-ওই-বাজে-তোমারি-নাম-সকল-তারার-মাঝে,৩৫০,আকাশ জুড়ে শুনিনু ওই বাজে তোমারি নাম সকল তারার মাঝে॥
পূজা,,RabindranathTagore_Songs_Puja#৩৫১--অকারণে-অকালে-মোর-পড়ল-যখন-ডাক,৩৫১,অকারণে অকালে মোর পড়ল যখন ডাক
পূজা,,RabindranathTagore_Songs_Puja#৩৫২--ভুবনজোড়া-আসনখানি,৩৫২,ভুবনজোড়া আসনখানি
পূজা,,RabindranathTagore_Songs_Puja#৩৫৩--ডাকে-বার-বার-ডাকে,৩৫৩,ডাকে বার বার ডাকে
পূজা,,RabindranathTagore_Songs_Puja#৩৫৪--অন্ধকারের-উৎস-হতে-উৎসারিত-আলো,৩৫৪,অন্ধকারের উৎস হতে উৎসারিত আলো
পূজা,,RabindranathTagore_Songs_Puja#৩৫৫--সারা-জীবন-দিল-আলো-সূর্য-গ্রহ-চাঁদ,৩৫৫,সারা জীবন দিল আলো সূর্য গ্রহ চাঁদ
পূজা,,RabindranathTagore_Songs_Puja#৩৫৬--আপন-হতে-বাহির-হয়ে-বাইরে-দাঁড়া,৩৫৬,আপন হতে বাহির হয়ে বাইরে দাঁড়া
পূজা,,RabindranathTagore_Songs_Puja#৩৫৭--যে-থাকে-থাক-না-দ্বারে-যে-যাবি-যা-না-পারে,৩৫৭,যে থাকে থাক‌-না দ্বারে যে যাবি যা-না পারে॥
পূজা,,RabindranathTagore_Songs_Puja#৩৫৮--আকাশে-দুই-হাতে-প্রেম-বিলায়-ও-কে,৩৫৮,আকাশে দুই হাতে প্রেম বিলায় ও কে
পূজা,,RabindranathTagore_Songs_Puja#৩৫৯--নিত্য-তোমার-যে-ফুল-ফোটে-ফুলবনে,৩৫৯,নিত্য তোমার যে ফুল ফোটে ফুলবনে
পূজা,,RabindranathTagore_Songs_Puja#৩৬০--এমনি-করে-ঘুরিব-দূরে-বাহিরে,৩৬০,এমনি করে ঘুরিব দূরে বাহিরে
পূজা,,RabindranathTagore_Songs_Puja#৩৬১--কোলাহল-তো-বারণ-হল-এবার-কথা-কানে-কানে,৩৬১,কোলাহল তো বারণ হল এবার কথা কানে কানে
পূজা,,RabindranathTagore_Songs_Puja#৩৬২--যেথায়-তোমার-লুট-হতেছে-ভুবনে,৩৬২,যেথায় তোমার লুট হতেছে ভুবনে
পূজা,,RabindranathTagore_Songs_Puja#৩৬৩--বিশ্বসাথে-যোগে-যেথায়-বিহারো,৩৬৩,বিশ্বসাথে যোগে যেথায় বিহারো
পূজা,,RabindranathTagore_Songs_Puja#৩৬৪--প্রভু-আজি-তোমার-দক্ষিণ-হাত-রেখো-না-ঢাকি,৩৬৪,প্রভু আজি তোমার দক্ষিণ হাত রেখো না ঢাকি
পূজা,,RabindranathTagore_Songs_Puja#৩৬৫--অমন-আড়াল-দিয়ে-লুকিয়ে-গেলে-চলবে-না,৩৬৫,অমন আড়াল দিয়ে লুকিয়ে গেলে চলবে না
পূজা,,RabindranathTagore_Songs_Puja#৩৬৬--কত-অজানারে-জানাইলে-তুমি-কত-ঘরে-দিলে-ঠাঁই,৩৬৬,কত অজানারে জানাইলে তুমি কত ঘরে দিলে ঠাঁই
পূজা,,RabindranathTagore_Songs_Puja#৩৬৭--সবার-মাঝারে-তোমারে-স্বীকার-করিব-হে,৩৬৭,সবার মাঝারে তোমারে স্বীকার করিব হে
পূজা,,RabindranathTagore_Songs_Puja#৩৬৮--মোরে-ডাকি-লয়ে-যাও-মুক্তদ্বারে-তোমার-বিশ্বের-সভাতে,৩৬৮,মোরে ডাকি লয়ে যাও মুক্তদ্বারে তোমার বিশ্বের সভাতে
পূজা,,RabindranathTagore_Songs_Puja#৩৬৯--যারা-কাছে-আছে-তারা-কাছে-থাক্-তারা-তো-পারে-না-জানিতে,৩৬৯,যারা কাছে আছে তারা কাছে থাক্‌ তারা তো পারে না জানিতে
পূজা,,RabindranathTagore_Songs_Puja#৩৭০--জাগ্রত-বিশ্বকোলাহল-মাঝে,৩৭০,জাগ্রত বিশ্বকোলাহল-মাঝে
পূজা,,RabindranathTagore_Songs_Puja#৩৭১--শান্তিসমুদ্র-তুমি-গভীর,৩৭১,শান্তিসমুদ্র তুমি গভীর
পূজা,,RabindranathTagore_Songs_Puja#৩৭২--ডুবি-অমৃতপাথারে-যাই-ভুলে-চরাচর,৩৭২,ডুবি অমৃতপাথারে যাই ভুলে চরাচর
পূজা,,RabindranathTagore_Songs_Puja#৩৭৩--ভেঙেছে-দুয়ার-এসেছ-জ্যোতির্ময়-তোমারি-হউক-জয়,৩৭৩,ভেঙেছে দুয়ার এসেছ জ্যোতির্ময় তোমারি হউক জয়
পূজা,,RabindranathTagore_Songs_Puja#৩৭৪--হবে-জয়-হবে-জয়-হবে-জয়-রে,৩৭৪,হবে জয় হবে জয় হবে জয় রে
পূজা,,RabindranathTagore_Songs_Puja#৩৭৫--জয়-হোক-জয়-হোক-নব-অরুণোদয়,৩৭৫,জয় হোক জয় হোক নব অরুণোদয়
পূজা,,RabindranathTagore_Songs_Puja#৩৭৬--জয়-তব-বিচিত্র-আনন্দ-হে-কবি,৩৭৬,জয় তব বিচিত্র আনন্দ হে কবি
পূজা,,RabindranathTagore_Songs_Puja#৩৭৭--সকলকলুষতামসহর-জয়-হোক-তব-জয়,৩৭৭,সকলকলুষতামসহর জয় হোক তব জয়
পূজা,,RabindranathTagore_Songs_Puja#৩৭৮--রাখো-রাখো-রে-জীবনে-জীবনবল্লভে,৩৭৮,রাখো রাখো রে জীবনে জীবনবল্লভে
পূজা,,RabindranathTagore_Songs_Puja#৩৭৯--হৃদয়মন্দিরে-প্রাণাধীশ-আছ-গোপনে,৩৭৯,হৃদয়মন্দিরে প্রাণাধীশ আছ গোপনে
পূজা,,RabindranathTagore_Songs_Puja#৩৮০--ওই-শুনি-যেন-চরণধ্বনি-রে,৩৮০,ওই শুনি যেন চরণধ্বনি রে
পূজা,,RabindranathTagore_Songs_Puja#৩৮১--বেঁধেছ-প্রেমের-পাশে-ওহে-প্রেমময়,৩৮১,বেঁধেছ প্রেমের পাশে ওহে প্রেমময়
পূজা,,RabindranathTagore_Songs_Puja#৩৮২--দাও-হে-আমার-ভয়-ভেঙে-দাও,৩৮২,দাও হে আমার ভয় ভেঙে দাও
পূজা,,RabindranathTagore_Songs_Puja#৩৮৩--আর-নহে-আর-নয়,৩৮৩,আর নহে আর নয়
পূজা,,RabindranathTagore_Songs_Puja#৩৮৪--আরো-চাই-যে-আরো-চাই-গো-আরো-যে-চাই,৩৮৪,আরো চাই যে আরো চাই গো আরো যে চাই
পূজা,,RabindranathTagore_Songs_Puja#৩৮৫--নয়ন-ছেড়ে-গেলে-চলে-এলে-সকল-মাঝে,৩৮৫,নয়ন ছেড়ে গেলে চলে এলে সকল-মাঝে
পূজা,,RabindranathTagore_Songs_Puja#৩৮৬--আরাম-ভাঙা-উদাস-সুরে,৩৮৬,আরাম-ভাঙা উদাস সুরে
পূজা,,RabindranathTagore_Songs_Puja#৩৮৭--আসা-যাওয়ার-মাঝখানে,৩৮৭,আসা-যাওয়ার মাঝখানে
পূজা,,RabindranathTagore_Songs_Puja#৩৮৮--বারে-বারে-পেয়েছি-যে-তারে,৩৮৮,বারে বারে পেয়েছি যে তারে
পূজা,,RabindranathTagore_Songs_Puja#৩৮৯--এ-পথ-গেছে-কোন্খানে-গো-কোন্খানে,৩৮৯,এ পথ গেছে কোন্‌খানে গো কোন্‌খানে
পূজা,,RabindranathTagore_Songs_Puja#৩৯০--নিত্য-নব-সত্য-তব-শুভ্র-আলোকময়,৩৯০,নিত্য নব সত্য তব শুভ্র আলোকময়
পূজা,,RabindranathTagore_Songs_Puja#৩৯১--যদি-ঝড়ের-মেঘের-মতো-আমি-ধাই-চঞ্চল-অন্তর,৩৯১,যদি ঝড়ের মেঘের মতো আমি ধাই চঞ্চল-অন্তর
পূজা,,RabindranathTagore_Songs_Puja#৩৯২--তুমি-আমাদের-পিতা,৩৯২,তুমি আমাদের পিতা
পূজা,,RabindranathTagore_Songs_Puja#৩৯৩--প্রেমানন্দে-রাখো-পূর্ণ-আমারে-দিবসরাত,৩৯৩,প্রেমানন্দে রাখো পূর্ণ আমারে দিবসরাত
পূজা,,RabindranathTagore_Songs_Puja#৩৯৪--মাঝে-মাঝে-তব-দেখা-পাই-চিরদিন-কেন-পাই-না,৩৯৪,মাঝে মাঝে তব দেখা পাই চিরদিন কেন পাই না
পূজা,,RabindranathTagore_Songs_Puja#৩৯৫--তোমার-কথা-হেথা-কেহ-তো-বলে-না-করে-শুধু-মিছে-কোলাহল,৩৯৫,তোমার কথা হেথা কেহ তো বলে না করে শুধু মিছে কোলাহল
পূজা,,RabindranathTagore_Songs_Puja#৩৯৬--কেন-বাণী-তব-নাহি-শুনি-নাথ-হে,৩৯৬,কেন বাণী তব নাহি শুনি নাথ হে
পূজা,,RabindranathTagore_Songs_Puja#৩৯৭--তুমি-ছেড়ে-ছিলে-ভুলে-ছিলে-বলে-হেরো-গো-কী-দশা-হয়েছে,৩৯৭,তুমি ছেড়ে ছিলে ভুলে ছিলে ব’লে হেরো গো কী দশা হয়েছে
পূজা,,RabindranathTagore_Songs_Puja#৩৯৮--অসীম-আকাশে-অগণ্য-কিরণ-কত-গ্রহ-উপগ্রহ,৩৯৮,অসীম আকাশে অগণ্য কিরণ কত গ্রহ উপগ্রহ
পূজা,,RabindranathTagore_Songs_Puja#৩৯৯--চরণধ্বনি-শুনি-তব-নাথ-জীবনতীরে,৩৯৯,চরণধ্বনি শুনি তব নাথ জীবনতীরে
পূজা,,RabindranathTagore_Songs_Puja#৪০০--শূন্য-হাতে-ফিরি-হে-নাথ-পথে-পথে-ফিরি-হে-দ্বারে-দ্বারে,৪০০,শূন্য হাতে ফিরি হে নাথ পথে পথে ফিরি হে দ্বারে দ্বারে
পূজা,,RabindranathTagore_Songs_Puja#৪০১--হৃদয়বেদনা-বহিয়া-প্রভু-এসেছি-তব-দ্বারে,৪০১,হৃদয়বেদনা বহিয়া প্রভু এসেছি তব দ্বারে
পূজা,,RabindranathTagore_Songs_Puja#৪০২--কেন-জাগে-না-জাগে-না-অবশ-পরান,৪০২,কেন জাগে না জাগে না অবশ পরান
পূজা,,RabindranathTagore_Songs_Puja#৪০৩--যাদের-চাহিয়া-তোমারে-ভুলেছি-তারা-তো-চাহে-না-আমারে,৪০৩,যাদের চাহিয়া তোমারে ভুলেছি তারা তো চাহে না আমারে
পূজা,,RabindranathTagore_Songs_Puja#৪০৪--আমি-জেনে-শুনে-তবু-ভুলে-আছি-দিবস-কাটে-বৃথায়-হে,৪০৪,আমি জেনে শুনে তবু ভুলে আছি দিবস কাটে বৃথায় হে
পূজা,,RabindranathTagore_Songs_Puja#৪০৫--নয়ান-ভাসিল-জলে,৪০৫,নয়ান ভাসিল জলে
পূজা,,RabindranathTagore_Songs_Puja#৪০৬--হিংসায়-উন্মত্ত-পৃথ্বী-নিত্য-নিঠুর-দ্বন্দ্ব,৪০৬,হিংসায় উন্মত্ত পৃথ্বী নিত্য নিঠুর দ্বন্দ্ব
পূজা,,RabindranathTagore_Songs_Puja#৪০৭--অনেক-দিয়েছ-নাথ,৪০৭,অনেক দিয়েছ নাথ
পূজা,,RabindranathTagore_Songs_Puja#৪০৮--তব-অমল-পরশরস-তব-শীতল-শান্ত-পুণ্যকর-অন্তরে-দাও,৪০৮,তব অমল পরশরস তব শীতল শান্ত পুণ্যকর অন্তরে দাও
পূজা,,RabindranathTagore_Songs_Puja#৪০৯--বীণা-বাজাও-হে-মম-অন্তরে,৪০৯,বীণা বাজাও হে মম অন্তরে॥
পূজা,,RabindranathTagore_Songs_Puja#৪১০--শান্তি-করো-বরিষন-নীরব-ধারে-নাথ-চিত্তমাঝে,৪১০,শান্তি করো বরিষন নীরব ধারে নাথ চিত্তমাঝে
পূজা,,RabindranathTagore_Songs_Puja#৪১১--হে-সখা-মম-হৃদয়ে-রহো,৪১১,হে সখা মম হৃদয়ে রহো
পূজা,,RabindranathTagore_Songs_Puja#৪১২--লহো-লহো-তুলি-লও-হে-ভূমিতল-হতে-ধূলিম্লান-এ-পরান,৪১২,লহো লহো তুলি লও হে ভূমিতল হতে ধূলিম্লান এ পরান
পূজা,,RabindranathTagore_Songs_Puja#৪১৩--চিরসখা-ছেড়ো-না-মোরে-ছেড়ো-না,৪১৩,চিরসখা ছেড়ো না মোরে ছেড়ো না
পূজা,,RabindranathTagore_Songs_Puja#৪১৪--স্বামী-তুমি-এসো-আজ-অন্ধকার-হৃদয়মাঝ,৪১৪,স্বামী তুমি এসো আজ অন্ধকার হৃদয়মাঝ
পূজা,,RabindranathTagore_Songs_Puja#৪১৫--হায়-কে-দিবে-আর-সান্ত্বনা,৪১৫,হায় কে দিবে আর সান্ত্বনা
পূজা,,RabindranathTagore_Songs_Puja#৪১৬--আর-কত-দূরে-আছে-সে-আনন্দধাম,৪১৬,আর কত দূরে আছে সে আনন্দধাম
পূজা,,RabindranathTagore_Songs_Puja#৪১৭--কামনা-করি-একান্তে,৪১৭,কামনা করি একান্তে
পূজা,,RabindranathTagore_Songs_Puja#৪১৮--নাথ-হে-প্রেমপথে-সব-বাধা-ভাঙিয়া-দাও,৪১৮,নাথ হে প্রেমপথে সব বাধা ভাঙিয়া দাও
পূজা,,RabindranathTagore_Songs_Puja#৪১৯--পূর্ণ-আনন্দ-পূর্ণমঙ্গলরূপে-হৃদয়ে-এসো,৪১৯,পূর্ণ-আনন্দ পূর্ণমঙ্গলরূপে হৃদয়ে এসো
পূজা,,RabindranathTagore_Songs_Puja#৪২০--সংশয়তিমিরমাঝে-না-হেরি-গতি-হে,৪২০,সংশয়তিমিরমাঝে না হেরি গতি হে
পূজা,,RabindranathTagore_Songs_Puja#৪২১--নিশিদিন-মোর-পরানে-প্রিয়তম-মম,৪২১,নিশিদিন মোর পরানে প্রিয়তম মম
পূজা,,RabindranathTagore_Songs_Puja#৪২২--আছ-অন্তরে-চিরদিন-তবু-কেন-কাঁদি,৪২২,আছ অন্তরে চিরদিন তবু কেন কাঁদি
পূজা,,RabindranathTagore_Songs_Puja#৪২৩--এ-মোহ-আবরণ-খুলে-দাও-দাও-হে,৪২৩,এ মোহ-আবরণ খুলে দাও দাও হে॥
পূজা,,RabindranathTagore_Songs_Puja#৪২৪--ডাকিছ-কে-তুমি-তাপিত-জনে-তাপহরণ-স্নেহকোলে,৪২৪,ডাকিছ কে তুমি তাপিত জনে তাপহরণ স্নেহকোলে॥
পূজা,,RabindranathTagore_Songs_Puja#৪২৫--আজি-নাহি-নাহি-নিদ্রা-অঁখিপাতে,৪২৫,আজি নাহি নাহি নিদ্রা অঁখিপাতে
পূজা,,RabindranathTagore_Songs_Puja#৪২৬--তিমিরবিভাবরী-কাটে-কেমনে,৪২৬,তিমিরবিভাবরী কাটে কেমনে
পূজা,,RabindranathTagore_Songs_Puja#৪২৭--অমৃতের-সাগরে-আমি-যাব-যাব-রে,৪২৭,অমৃতের সাগরে আমি যাব যাব রে
পূজা,,RabindranathTagore_Songs_Puja#৪২৮--কার-মিলন-চাও-বিরহী,৪২৮,কার মিলন চাও বিরহী
পূজা,,RabindranathTagore_Songs_Puja#৪২৯--তোমা-লাগি-নাথ-জাগি-জাগি-হে,৪২৯,তোমা লাগি নাথ জাগি জাগি হে
পূজা,,RabindranathTagore_Songs_Puja#৪৩০--মোরে-বারে-বারে-ফিরালে,৪৩০,মোরে বারে বারে ফিরালে
পূজা,,RabindranathTagore_Songs_Puja#৪৩১--কোথা-হতে-বাজে-প্রেমবেদনা-রে,৪৩১,কোথা হতে বাজে প্রেমবেদনা রে
পূজা,,RabindranathTagore_Songs_Puja#৪৩২--নিকটে-দেখিব-তোমারে-করেছি-বাসনা-মনে,৪৩২,নিকটে দেখিব তোমারে করেছি বাসনা মনে
পূজা,,RabindranathTagore_Songs_Puja#৪৩৩--তোমার-দেখা-পাব-বলে-এসেছি-যে-সখা,৪৩৩,তোমার দেখা পাব ব’লে এসেছি-যে সখা
পূজা,,RabindranathTagore_Songs_Puja#৪৩৪--ঘোর-দুঃখে-জাগিনু-ঘনঘোরা-যামিনী,৪৩৪,ঘোর দুঃখে জাগিনু ঘনঘোরা যামিনী
পূজা,,RabindranathTagore_Songs_Puja#৪৩৫--এ-পরবাসে-রবে-কে-হায়,৪৩৫,এ পরবাসে রবে কে হায়
পূজা,,RabindranathTagore_Songs_Puja#৪৩৬--এখনো-আঁধার-রয়েছে-হে-নাথ,৪৩৬,এখনো আঁধার রয়েছে হে নাথ
পূজা,,RabindranathTagore_Songs_Puja#৪৩৭--ব্যাকুল-প্রাণ-কোথা-সুদূরে-ফিরে,৪৩৭,ব্যাকুল প্রাণ কোথা সুদূরে ফিরে
পূজা,,RabindranathTagore_Songs_Puja#৪৩৮--শূন্য-প্রাণ-কাঁদে-সদা-প্রাণেশ্বর,৪৩৮,শূন্য প্রাণ কাঁদে সদা প্রাণেশ্বর
পূজা,,RabindranathTagore_Songs_Puja#৪৩৯--সুখহীন-নিশিদিন-পরাধীন-হয়ে-ভ্রমিছ-দীনপ্রাণে,৪৩৯,সুখহীন নিশিদিন পরাধীন হয়ে ভ্রমিছ দীনপ্রাণে
পূজা,,RabindranathTagore_Songs_Puja#৪৪০--দূরে-কোথায়-দূরে-দূরে,৪৪০,দূরে কোথায় দূরে দূরে
পূজা,,RabindranathTagore_Songs_Puja#৪৪১--পিপাসা-হায়-নাহি-মিটিল-নাহি-মিটিল,৪৪১,পিপাসা হায় নাহি মিটিল নাহি মিটিল
পূজা,,RabindranathTagore_Songs_Puja#৪৪২--দিন-যায়-রে-দিন-যায়-বিষাদে,৪৪২,দিন যায় রে দিন যায় বিষাদে
পূজা,,RabindranathTagore_Songs_Puja#৪৪৩--তোমা-হীন-কাটে-দিবস-হে-প্রভু,৪৪৩,তোমা-হীন কাটে দিবস হে প্রভু
পূজা,,RabindranathTagore_Songs_Puja#৪৪৪--বর্ষ-গেল-বৃথা-গেল-কিছুই-করি-নি-হায়,৪৪৪,বর্ষ গেল বৃথা গেল কিছুই করি নি হায়
পূজা,,RabindranathTagore_Songs_Puja#৪৪৫--কেমনে-ফিরিয়া-যাও-না-দেখি-তাঁহারে,৪৪৫,কেমনে ফিরিয়া যাও না দেখি তাঁহারে
পূজা,,RabindranathTagore_Songs_Puja#৪৪৬--কে-বসিলে-আজি-হৃদয়াসনে-ভুবনেশ্বর-প্রভু,৪৪৬,কে বসিলে আজি হৃদয়াসনে ভুবনেশ্বর প্রভু
পূজা,,RabindranathTagore_Songs_Puja#৪৪৭--অসীম-কালসাগরে-ভুবন-ভেসে-চলেছে,৪৪৭,অসীম কালসাগরে ভুবন ভেসে চলেছে
পূজা,,RabindranathTagore_Songs_Puja#৪৪৮--ইচ্ছা-যবে-হবে-লইয়ো-পারে,৪৪৮,ইচ্ছা যবে হবে লইয়ো পারে
পূজা,,RabindranathTagore_Songs_Puja#৪৪৯--শুভ্র-আসনে-বিরাজ-অরুণছটামাঝে,৪৪৯,শুভ্র আসনে বিরাজ’ অরুণছটামাঝে
পূজা,,RabindranathTagore_Songs_Puja#৪৫০--পেয়েছি-অভয়পদ-আর-ভয়-কারে,৪৫০,পেয়েছি অভয়পদ আর ভয় কারে
পূজা,,RabindranathTagore_Songs_Puja#৪৫১--শুনেছে-তোমার-নাম-অনাথ-আতুর-জন,৪৫১,শুনেছে তোমার নাম অনাথ আতুর জন
পূজা,,RabindranathTagore_Songs_Puja#৪৫২--সত্য-মঙ্গল-প্রেমময়-তুমি-ধ্রুবজ্যোতি-তুমি-অন্ধকারে,৪৫২,সত্য মঙ্গল প্রেমময় তুমি ধ্রুবজ্যোতি তুমি অন্ধকারে
পূজা,,RabindranathTagore_Songs_Puja#৪৫৩--চিরবন্ধু-চিরনির্ভর-চিরশান্তি,৪৫৩,চিরবন্ধু চিরনির্ভর চিরশান্তি
পূজা,,RabindranathTagore_Songs_Puja#৪৫৪--বাঁচান-বাঁচি-মারেন-মরি,৪৫৪,বাঁচান বাঁচি মারেন মরি
পূজা,,RabindranathTagore_Songs_Puja#৪৫৫--সংসারে-কোনো-ভয়-নাহি-নাহি,৪৫৫,সংসারে কোনো ভয় নাহি নাহি
পূজা,,RabindranathTagore_Songs_Puja#৪৫৬--শক্তিরূপ-হেরো-তাঁর,৪৫৬,শক্তিরূপ হেরো তাঁর
পূজা,,RabindranathTagore_Songs_Puja#৪৫৭--শ্রান্ত-কেন-ওহে-পান্থ-পথপ্রান্তে-বসে-একি-খেলা,৪৫৭,শ্রান্ত কেন ওহে পান্থ পথপ্রান্তে বসে একি খেলা
পূজা,,RabindranathTagore_Songs_Puja#৪৫৮--গাও-বীণা-বীণা-গাও-রে,৪৫৮,গাও বীণা বীণা গাও রে
পূজা,,RabindranathTagore_Songs_Puja#৪৫৯--কে-রে-ওই-ডাকিছে,৪৫৯,কে রে ওই ডাকিছে
পূজা,,RabindranathTagore_Songs_Puja#৪৬০--মন্দিরে-মম-কে-আসিলে-হে,৪৬০,মন্দিরে মম কে আসিলে হে
পূজা,,RabindranathTagore_Songs_Puja#৪৬১--একি-করুণা-করুণাময়,৪৬১,একি করুণা করুণাময়
পূজা,,RabindranathTagore_Songs_Puja#৪৬২--পেয়েছি-সন্ধান-তব-অন্তর্যামী-অন্তরে-দেখেছি-তোমারে,৪৬২,পেয়েছি সন্ধান তব অন্তর্যামী অন্তরে দেখেছি তোমারে॥
পূজা,,RabindranathTagore_Songs_Puja#৪৬৩--আমার-হৃদয়সমুদ্রতীরে-কে-তুমি-দাঁড়ায়ে,৪৬৩,আমার হৃদয়সমুদ্রতীরে কে তুমি দাঁড়ায়ে
পূজা,,RabindranathTagore_Songs_Puja#৪৬৪--জননী-তোমার-করুণ-চরণখানি,৪৬৪,জননী তোমার করুণ চরণখানি
পূজা,,RabindranathTagore_Songs_Puja#৪৬৫--তিমিরদুয়ার-খোলো-এসো-এসো-নীরবচরণে,৪৬৫,তিমিরদুয়ার খোলো এসো এসো নীরবচরণে
পূজা,,RabindranathTagore_Songs_Puja#৪৬৬--তুমি-জাগিছ-কে,৪৬৬,তুমি জাগিছ কে
পূজা,,RabindranathTagore_Songs_Puja#৪৬৭--আজি-শুভ-শুভ্র-প্রাতে-কিবা-শোভা-দেখালে,৪৬৭,আজি শুভ শুভ্র প্রাতে কিবা শোভা দেখালে
পূজা,,RabindranathTagore_Songs_Puja#৪৬৮--ভক্তহৃদিবিকাশ-প্রাণবিমোহন,৪৬৮,ভক্তহৃদিবিকাশ প্রাণবিমোহন
পূজা,,RabindranathTagore_Songs_Puja#৪৬৯--বাণী-তব-ধায়-অনন্ত-গগনে-লোকে-লোকে,৪৬৯,বাণী তব ধায় অনন্ত গগনে লোকে লোকে
পূজা,,RabindranathTagore_Songs_Puja#৪৭০--প্রথম-আদি-তব-শক্তি,৪৭০,প্রথম আদি তব শক্তি
পূজা,,RabindranathTagore_Songs_Puja#৪৭১--শীতল-তব-পদছায়া-তাপহরণ-তব-সুধা,৪৭১,শীতল তব পদছায়া তাপহরণ তব সুধা
পূজা,,RabindranathTagore_Songs_Puja#৪৭২--হে-মহাপ্রবল-বলী,৪৭২,হে মহাপ্রবল বলী
পূজা,,RabindranathTagore_Songs_Puja#৪৭৩--জগতে-তুমি-রাজা-অসীম-প্রতাপ,৪৭৩,জগতে তুমি রাজা অসীম প্রতাপ
পূজা,,RabindranathTagore_Songs_Puja#৪৭৪--তুমি-ধন্য-ধন্য-হে-ধন্য-তব-প্রেম,৪৭৪,তুমি ধন্য ধন্য হে ধন্য তব প্রেম
পূজা,,RabindranathTagore_Songs_Puja#৪৭৫--তাঁহারে-আরতি-করে-চন্দ্র-তপন-দেব-মানব-বন্দে-চরণ,৪৭৫,তাঁহারে আরতি করে চন্দ্র তপন দেব মানব বন্দে চরণ
পূজা,,RabindranathTagore_Songs_Puja#৪৭৬--আনন্দলোকে-মঙ্গলালোকে-বিরাজ-সত্যসুন্দর,৪৭৬,আনন্দলোকে মঙ্গলালোকে বিরাজ সত্যসুন্দর॥
পূজা,,RabindranathTagore_Songs_Puja#৪৭৭--ওই-রে-তরী-দিল-খুলে,৪৭৭,ওই রে তরী দিল খুলে
পূজা,,RabindranathTagore_Songs_Puja#৪৭৮--আমি-কী-বলে-করিব-নিবেদন,৪৭৮,আমি কী ব’লে করিব নিবেদন
পূজা,,RabindranathTagore_Songs_Puja#৪৭৯--সংসার-যবে-মন-কেড়ে-লয়-জাগে-না-যখন-প্রাণ,৪৭৯,সংসার যবে মন কেড়ে লয় জাগে না যখন প্রাণ
পূজা,,RabindranathTagore_Songs_Puja#৪৮০--ওহে-জীবনবল্লভ-ওহে-সাধনদুর্লভ,৪৮০,ওহে জীবনবল্লভ ওহে সাধনদুর্লভ
পূজা,,RabindranathTagore_Songs_Puja#৪৮১--সবাই-যারে-সব-দিতেছে-তার-কাছে-সব-দিয়ে-ফেলি,৪৮১,সবাই যারে সব দিতেছে তার কাছে সব দিয়ে ফেলি
পূজা,,RabindranathTagore_Songs_Puja#৪৮২--আমার-যে-সব-দিতে-হবে-সে-তো-আমি-জানি,৪৮২,আমার যে সব দিতে হবে সে তো আমি জানি
পূজা,,RabindranathTagore_Songs_Puja#৪৮৩--আমি-দীন-অতি-দীন,৪৮৩,আমি দীন অতি দীন
পূজা,,RabindranathTagore_Songs_Puja#৪৮৪--কী-ভয়-অভয়ধামে-তুমি-মহারাজা-ভয়-যায়-তব-নামে,৪৮৪,কী ভয় অভয়ধামে তুমি মহারাজা ভয় যায় তব নামে
পূজা,,RabindranathTagore_Songs_Puja#৪৮৫--আনন্দ-রয়েছে-জাগি-ভুবনে-তোমার,৪৮৫,আনন্দ রয়েছে জাগি ভুবনে তোমার
পূজা,,RabindranathTagore_Songs_Puja#৪৮৬--সকল-ভয়ের-ভয়-যে-তারে-কোন্-বিপদে-কাড়বে,৪৮৬,সকল ভয়ের ভয় যে তারে কোন্‌ বিপদে কাড়বে
পূজা,,RabindranathTagore_Songs_Puja#৪৮৭--নয়ন-তোমারে-পায়-না-দেখিতে-রয়েছ-নয়নে-নয়নে,৪৮৭,নয়ন তোমারে পায় না দেখিতে রয়েছ নয়নে নয়নে
পূজা,,RabindranathTagore_Songs_Puja#৪৮৮--দয়া-দিয়ে-হবে-গো-মোর-জীবন-ধুতে,৪৮৮,দয়া দিয়ে হবে গো মোর জীবন ধুতে
পূজা,,RabindranathTagore_Songs_Puja#৪৮৯--এ-মণিহার-আমায়-নাহি-সাজে,৪৮৯,এ মণিহার আমায় নাহি সাজে
পূজা,,RabindranathTagore_Songs_Puja#৪৯০--যেথায়-থাকে-সবার-অধম-দীনের-হতে-দীন,৪৯০,যেথায় থাকে সবার অধম দীনের হতে দীন
পূজা,,RabindranathTagore_Songs_Puja#৪৯১--ওই-আসনতলের-মাটির-পরে-লুটিয়ে-রব,৪৯১,ওই আসনতলের মাটির ’পরে লুটিয়ে রব
পূজা,,RabindranathTagore_Songs_Puja#৪৯২--আমার-মাথা-নত-করে-দাও-হে-তোমার-চরণধুলার-তলে,৪৯২,আমার মাথা নত করে দাও হে তোমার চরণধুলার তলে
পূজা,,RabindranathTagore_Songs_Puja#৪৯৩--গরব-মম-হরেছ-প্রভু-দিয়েছ-বহু-লাজ,৪৯৩,গরব মম হরেছ প্রভু দিয়েছ বহু লাজ
পূজা,,RabindranathTagore_Songs_Puja#৪৯৪--ভয়-হয়-পাছে-তব-নামে-আমি-আমারে-করি-প্রচার-হে,৪৯৪,ভয় হয় পাছে তব নামে আমি আমারে করি প্রচার হে
পূজা,,RabindranathTagore_Songs_Puja#৪৯৫--আজি-প্রণমি-তোমারে-চলিব-নাথ-সংসারকাজে,৪৯৫,আজি প্রণমি তোমারে চলিব নাথ সংসারকাজে
পূজা,,RabindranathTagore_Songs_Puja#৪৯৬--যে-কেহ-মোরে-দিয়েছ-সুখ-দিয়েছ-তাঁরি-পরিচয়,৪৯৬,যে-কেহ মোরে দিয়েছ সুখ দিয়েছ তাঁরি পরিচয়
পূজা,,RabindranathTagore_Songs_Puja#৪৯৭--কে-জানিত-তুমি-ডাকিবে-আমারে-ছিলাম-নিদ্রামগন,৪৯৭,কে জানিত তুমি ডাকিবে আমারে ছিলাম নিদ্রামগন
পূজা,,RabindranathTagore_Songs_Puja#৪৯৮--জীবনে-আমার-যত-আনন্দ-পেয়েছি-দিবস-রাত,৪৯৮,জীবনে আমার যত আনন্দ পেয়েছি দিবস-রাত
পূজা,,RabindranathTagore_Songs_Puja#৪৯৯--আঁখিজল-মুছাইলে-জননী,৪৯৯,আঁখিজল মুছাইলে জননী
পূজা,,RabindranathTagore_Songs_Puja#৫০০--তোমারি-গেহে-পালিছ-স্নেহে-তুমি-ধন্য-ধন্য-হে,৫০০,তোমারি গেহে পালিছ স্নেহে তুমি ধন্য ধন্য হে
পূজা,,RabindranathTagore_Songs_Puja#৫০১--হৃদয়ে-হৃদয়-আসি-মিলে-যায়-যেথা,৫০১,হৃদয়ে হৃদয় আসি মিলে যায় যেথা
পূজা,,RabindranathTagore_Songs_Puja#৫০২--ফুল-বলে-ধন্য-আমি-মাটির-পরে,৫০২,ফুল বলে ধন্য আমি মাটির ’পরে
পূজা,,RabindranathTagore_Songs_Puja#৫০৩--নমি-নমি-চরণে,৫০৩,নমি নমি চরণে
পূজা,,RabindranathTagore_Songs_Puja#৫০৪--একটি-নমস্কারে-প্রভু-একটি-নমস্কারে,৫০৪,একটি নমস্কারে প্রভু একটি নমস্কারে
পূজা,,RabindranathTagore_Songs_Puja#৫০৫--তোমারি-নামে-নয়ন-মেলিনু-পুণ্যপ্রভাতে-আজি,৫০৫,তোমারি নামে নয়ন মেলিনু পুণ্যপ্রভাতে আজি
পূজা,,RabindranathTagore_Songs_Puja#৫০৬--অনিমেষ-আঁখি-সেই-কে-দেখেছে,৫০৬,অনিমেষ আঁখি সেই কে দেখেছে
পূজা,,RabindranathTagore_Songs_Puja#৫০৭--মম-অঙ্গনে-স্বামী-আনন্দে-হাসে,৫০৭,মম অঙ্গনে স্বামী আনন্দে হাসে
পূজা,,RabindranathTagore_Songs_Puja#৫০৮--আজি-মম-জীবনে-নামিছে-ধীরে,৫০৮,আজি মম জীবনে নামিছে ধীরে
পূজা,,RabindranathTagore_Songs_Puja#৫০৯--কেমনে-রাখিবি-তোরা-তাঁরে-লুকায়ে,৫০৯,কেমনে রাখিবি তোরা তাঁরে লুকায়ে
পূজা,,RabindranathTagore_Songs_Puja#৫১০--হে-নিখিলভারধারণ-বিশ্ববিধাতা,৫১০,হে নিখিলভারধারণ বিশ্ববিধাতা
পূজা,,RabindranathTagore_Songs_Puja#৫১১--দেবাধিদেব-মহাদেব,৫১১,দেবাধিদেব মহাদেব
পূজা,,RabindranathTagore_Songs_Puja#৫১২--দিন-ফুরালো-হে-সংসারী,৫১২,দিন ফুরালো হে সংসারী
পূজা,,RabindranathTagore_Songs_Puja#৫১৩--জরজর-প্রাণে-নাথ-বরিষন-করো-তব-প্রেমসুধা,৫১৩,জরজর প্রাণে নাথ বরিষন করো তব প্রেমসুধা
পূজা,,RabindranathTagore_Songs_Puja#৫১৪--কোথায়-তুমি-আমি-কোথায়,৫১৪,কোথায় তুমি আমি কোথায়
পূজা,,RabindranathTagore_Songs_Puja#৫১৫--সকল-গর্ব-দূর-করি-দিব,৫১৫,সকল গর্ব দূর করি দিব
পূজা,,RabindranathTagore_Songs_Puja#৫১৬--এই-লভিনু-সঙ্গ-তব-সুন্দর-হে-সুন্দর,৫১৬,এই লভিনু সঙ্গ তব সুন্দর হে সুন্দর
পূজা,,RabindranathTagore_Songs_Puja#৫১৭--সুন্দর-বটে-তব-অঙ্গদখানি-তারায়-তারায়-খচিত,৫১৭,সুন্দর বটে তব অঙ্গদখানি তারায় তারায় খচিত
পূজা,,RabindranathTagore_Songs_Puja#৫১৮--আলো-যে-আজ-গান-করে-মোর-প্রাণে-গো,৫১৮,আলো যে আজ গান করে মোর প্রাণে গো
পূজা,,RabindranathTagore_Songs_Puja#৫১৯--মোর-সন্ধ্যায়-তুমি-সুন্দরবেশে-এসেছ,৫১৯,মোর সন্ধ্যায় তুমি সুন্দরবেশে এসেছ
পূজা,,RabindranathTagore_Songs_Puja#৫২০--এই-তো-তোমার-আলোকধেনু-সূর্য-তারা-দলে-দলে,৫২০,এই তো তোমার আলোকধেনু সূর্য তারা দলে দলে
পূজা,,RabindranathTagore_Songs_Puja#৫২১--যদি-প্রেম-দিলে-না-প্রাণে,৫২১,যদি প্রেম দিলে না প্রাণে
পূজা,,RabindranathTagore_Songs_Puja#৫২২--মহারাজ-একি-সাজে-এলে-হৃদয়পুরমাঝে,৫২২,মহারাজ একি সাজে এলে হৃদয়পুরমাঝে
পূজা,,RabindranathTagore_Songs_Puja#৫২৩--হৃদয়শশী-হৃদিগগনে-উদিল-মঙ্গললগনে,৫২৩,হৃদয়শশী হৃদিগগনে উদিল মঙ্গললগনে
পূজা,,RabindranathTagore_Songs_Puja#৫২৪--আমারে-দিই-তোমার-হাতে,৫২৪,আমারে দিই তোমার হাতে
পূজা,,RabindranathTagore_Songs_Puja#৫২৫--কে-গো-অন্তরতর-সে,৫২৫,কে গো অন্তরতর সে
পূজা,,RabindranathTagore_Songs_Puja#৫২৬--এই-যে-তোমার-প্রেম-ওগো-হৃদয়হরণ,৫২৬,এই-যে তোমার প্রেম ওগো হৃদয়হরণ
পূজা,,RabindranathTagore_Songs_Puja#৫২৭--তোমারি-মধুর-রূপে-ভরেছ-ভুবন,৫২৭,তোমারি মধুর রূপে ভরেছ ভুবন
পূজা,,RabindranathTagore_Songs_Puja#৫২৮--লহো-লহো-তুলে-লহো-নীরব-বীণাখানি,৫২৮,লহো লহো তুলে লহো নীরব বীণাখানি
পূজা,,RabindranathTagore_Songs_Puja#৫২৯--ডাকিল-মোরে-জাগার-সাথি,৫২৯,ডাকিল মোরে জাগার সাথি
পূজা,,RabindranathTagore_Songs_Puja#৫৩০--ওহে-সুন্দর-মরি-মরি,৫৩০,ওহে সুন্দর মরি মরি
পূজা,,RabindranathTagore_Songs_Puja#৫৩১--তোমায়-চেয়ে-আছি-বসে-পথের-ধারে-সুন্দর-হে,৫৩১,তোমায় চেয়ে আছি বসে পথের ধারে সুন্দর হে
পূজা,,RabindranathTagore_Songs_Puja#৫৩২--তুমি-সুন্দর-যৌবনঘন-রসময়-তব-মূর্তি,৫৩২,তুমি সুন্দর যৌবনঘন রসময় তব মূর্তি
পূজা,,RabindranathTagore_Songs_Puja#৫৩৩--ওই-মরণের-সাগরপারে-চুপে-চুপে,৫৩৩,ওই মরণের সাগরপারে চুপে চুপে
পূজা,,RabindranathTagore_Songs_Puja#৫৩৪--ওগো-সুন্দর-একদা-কী-জানি-কোন্-পুণ্যের-ফলে,৫৩৪,ওগো সুন্দর একদা কী জানি কোন্‌ পুণ্যের ফলে
পূজা,,RabindranathTagore_Songs_Puja#৫৩৫--রুদ্রবেশে-কেমন-খেলা-কালো-মেঘের-ভ্রূকুটি,৫৩৫,রুদ্রবেশে কেমন খেলা কালো মেঘের ভ্রূকুটি
পূজা,,RabindranathTagore_Songs_Puja#৫৩৬--জাগে-নাথ-জোছনারাতে,৫৩৬,জাগে নাথ জোছনারাতে
পূজা,,RabindranathTagore_Songs_Puja#৫৩৭--সুন্দর-বহে-আনন্দমন্দানিল,৫৩৭,সুন্দর বহে আনন্দমন্দানিল
পূজা,,RabindranathTagore_Songs_Puja#৫৩৮--চিরদিবস-নব-মাধুরী-নব-শোভা-তব-বিশ্বে,৫৩৮,চিরদিবস নব মাধুরী নব শোভা তব বিশ্বে
পূজা,,RabindranathTagore_Songs_Puja#৫৩৯--একি-লাবণ্যে-পূর্ণ-প্রাণ-প্রাণেশ-হে,৫৩৯,একি লাবণ্যে পূর্ণ প্রাণ প্রাণেশ হে
পূজা,,RabindranathTagore_Songs_Puja#৫৪০--আজি-হেরি-সংসার-অমৃতময়,৫৪০,আজি হেরি সংসার অমৃতময়
পূজা,,RabindranathTagore_Songs_Puja#৫৪১--প্রভাতে-বিমল-আনন্দে-বিকশিত-কুসুমগন্ধে,৫৪১,প্রভাতে বিমল আনন্দে বিকশিত কুসুমগন্ধে
পূজা,,RabindranathTagore_Songs_Puja#৫৪২--এ-কী-সুগন্ধহিল্লোল-বহিল,৫৪২,এ কী সুগন্ধহিল্লোল বহিল
পূজা,,RabindranathTagore_Songs_Puja#৫৪৩--একি-এ-সুন্দর-শোভা-কী-মুখ-হেরি-এ,৫৪৩,একি এ সুন্দর শোভা কী মুখ হেরি এ
পূজা,,RabindranathTagore_Songs_Puja#৫৪৪--মধুর-রূপে-বিরাজ-হে-বিশ্বরাজ,৫৪৪,মধুর রূপে বিরাজ হে বিশ্বরাজ
পূজা,,RabindranathTagore_Songs_Puja#৫৪৫--রহি-রহি-আনন্দতরঙ্গ-জাগে,৫৪৫,রহি রহি আনন্দতরঙ্গ জাগে
পূজা,,RabindranathTagore_Songs_Puja#৫৪৬--আমি-কান-পেতে-রই-ও-আমার-আপন-হৃদয়গহন-দ্বারে-বারে-বারে,৫৪৬,আমি কান পেতে রই ও আমার আপন হৃদয়গহন-দ্বারে বারে বারে
পূজা,,RabindranathTagore_Songs_Puja#৫৪৭--আমি-তারেই-খুঁজে-বেড়াই-যে-রয়-মনে-আমার-মনে,৫৪৭,আমি তারেই খুঁজে বেড়াই যে রয় মনে আমার মনে
পূজা,,RabindranathTagore_Songs_Puja#৫৪৮--সে-যে-মনের-মানুষ-কেন-তারে-বসিয়ে-রাখিস-নয়নদ্বারে,৫৪৮,সে যে মনের মানুষ কেন তারে বসিয়ে রাখিস নয়নদ্বারে
পূজা,,RabindranathTagore_Songs_Puja#৫৪৯--আমার-প্রাণের-মানুষ-আছে-প্রাণে,৫৪৯,আমার প্রাণের মানুষ আছে প্রাণে
পূজা,,RabindranathTagore_Songs_Puja#৫৫০--আমার-মন-যখন-জাগলি-না-রে,৫৫০,আমার মন যখন জাগলি না রে
পূজা,,RabindranathTagore_Songs_Puja#৫৫১--আমি-তারেই-জানি-তারেই-জানি-আমায়-যে-জন-আপন-জানে,৫৫১,আমি তারেই জানি তারেই জানি আমায় যে জন আপন জানে
পূজা,,RabindranathTagore_Songs_Puja#৫৫২--জানি-জানি-তোমার-প্রেমে-সকল-প্রেমের-বাণী-মেশে,৫৫২,জানি জানি তোমার প্রেমে সকল প্রেমের বাণী মেশে
পূজা,,RabindranathTagore_Songs_Puja#৫৫৩--তোমার-খোলা-হাওয়া-লাগিয়ে-পালে-টুকরো-করে-কাছি,৫৫৩,তোমার খোলা হাওয়া লাগিয়ে পালে টুকরো করে কাছি
পূজা,,RabindranathTagore_Songs_Puja#৫৫৪--আমি-যখন-ছিলেম-অন্ধ,৫৫৪,আমি যখন ছিলেম অন্ধ
পূজা,,RabindranathTagore_Songs_Puja#৫৫৫--আমারে-পাড়ায়-পাড়ায়-খেপিয়ে-বেড়ায়-কোন্-খ্যাপা-সে,৫৫৫,আমারে পাড়ায় পাড়ায় খেপিয়ে বেড়ায় কোন্‌ খ্যাপা সে
পূজা,,RabindranathTagore_Songs_Puja#৫৫৬--মন-রে-ওরে-মন-তুমি-কোন্-সাধনার-ধন,৫৫৬,মন রে ওরে মন তুমি কোন্‌ সাধনার ধন
পূজা,,RabindranathTagore_Songs_Puja#৫৫৭--কোন্-আলোতে-প্রাণের-প্রদীপ-জ্বালিয়ে-তুমি-ধরায়-আস,৫৫৭,কোন্‌ আলোতে প্রাণের প্রদীপ জ্বালিয়ে তুমি ধরায় আস
পূজা,,RabindranathTagore_Songs_Puja#৫৫৮--আমারে-কে-নিবি-ভাই-সঁপিতে-চাই-আপনারে,৫৫৮,আমারে কে নিবি ভাই সঁপিতে চাই আপনারে
পূজা,,RabindranathTagore_Songs_Puja#৫৫৯--আমার-এই-পথ-চাওয়াতেই-আনন্দ,৫৫৯,আমার এই পথ-চাওয়াতেই আনন্দ
পূজা,,RabindranathTagore_Songs_Puja#৫৬০--হাওয়া-লাগে-গানের-পালে,৫৬০,হাওয়া লাগে গানের পালে
পূজা,,RabindranathTagore_Songs_Puja#৫৬১--পথ-দিয়ে-কে-যায়-গো-চলে,৫৬১,পথ দিয়ে কে যায় গো চলে
পূজা,,RabindranathTagore_Songs_Puja#৫৬২--এই-আসা-যাওয়ার-খেয়ার-কূলে-আমার-বাড়ি,৫৬২,এই আসা-যাওয়ার খেয়ার কূলে আমার বাড়ি
পূজা,,RabindranathTagore_Songs_Puja#৫৬৩--আমার-আর-হবে-না-দেরি,৫৬৩,আমার আর হবে না দেরি
পূজা,,RabindranathTagore_Songs_Puja#৫৬৪--পান্থ-তুমি-পান্থজনের-সখা-হে,৫৬৪,পান্থ তুমি পান্থজনের সখা হে
পূজা,,RabindranathTagore_Songs_Puja#৫৬৫--ওগো-পথের-সাথি-নমি-বারম্বার,৫৬৫,ওগো পথের সাথি নমি বারম্বার
পূজা,,RabindranathTagore_Songs_Puja#৫৬৬--অশ্রুনদীর-সুদূর-পারে-ঘাট-দেখা-যায়-তোমার-দ্বারে,৫৬৬,অশ্রুনদীর সুদূর পারে ঘাট দেখা যায় তোমার দ্বারে॥
পূজা,,RabindranathTagore_Songs_Puja#৫৬৭--পথিক-হে,৫৬৭,পথিক হে
পূজা,,RabindranathTagore_Songs_Puja#৫৬৮--এবার-রঙিয়ে-গেল-হৃদয়গগন-সাঁঝের-রঙে,৫৬৮,এবার রঙিয়ে গেল হৃদয়গগন সাঁঝের রঙে
পূজা,,RabindranathTagore_Songs_Puja#৫৬৯--হার-মানালে-গো-ভাঙিলে-অভিমান-হায়-হায়,৫৬৯,হার মানালে গো ভাঙিলে অভিমান হায় হায়
পূজা,,RabindranathTagore_Songs_Puja#৫৭০--আমার-পথে-পথে-পাথর-ছড়ানো,৫৭০,আমার পথে পথে পাথর ছড়ানো
পূজা,,RabindranathTagore_Songs_Puja#৫৭১--তুমি-হঠাৎ-হাওয়ায়-ভেসে-আসা-ধন,৫৭১,তুমি হঠাৎ-হাওয়ায় ভেসে-আসা ধন
পূজা,,RabindranathTagore_Songs_Puja#৫৭২--পথে-চলে-যেতে-যেতে-কোথা-কোন্খানে,৫৭২,পথে চলে যেতে যেতে কোথা কোন্‌খানে
পূজা,,RabindranathTagore_Songs_Puja#৫৭৩--আমার-ভাঙা-পথের-রাঙা-ধুলায়-পড়েছে-কার-পায়ের-চিহ্ন,৫৭৩,আমার ভাঙা পথের রাঙা ধুলায় পড়েছে কার পায়ের চিহ্ন
পূজা,,RabindranathTagore_Songs_Puja#৫৭৪--পাতার-ভেলা-ভাসাই-নীরে,৫৭৪,পাতার ভেলা ভাসাই নীরে
পূজা,,RabindranathTagore_Songs_Puja#৫৭৫--আমাদের-খেপিয়ে-বেড়ায়-যে-কোথায়-লুকিয়ে-থাকে-রে,৫৭৫,আমাদের খেপিয়ে বেড়ায় যে কোথায় লুকিয়ে থাকে রে
পূজা,,RabindranathTagore_Songs_Puja#৫৭৬--চলি-গো-চলি-গো-যাই-গো-চলে,৫৭৬,চলি গো চলি গো যাই গো চলে
পূজা,,RabindranathTagore_Songs_Puja#৫৭৭--এখন-আমার-সময়-হল,৫৭৭,এখন আমার সময় হল
পূজা,,RabindranathTagore_Songs_Puja#৫৭৮--ওরে-পথিক-ওরে-প্রেমিক,৫৭৮,ওরে পথিক ওরে প্রেমিক
পূজা,,RabindranathTagore_Songs_Puja#৫৭৯--মোর-পথিকেরে-বুঝি-এনেছ-এবার-মোর-করুণ-রঙিন-পথ,৫৭৯,মোর পথিকেরে বুঝি এনেছ এবার মোর করুণ রঙিন পথ
পূজা,,RabindranathTagore_Songs_Puja#৫৮০--ছিন্ন-পাতার-সাজাই-তরণী-একা-একা-করি-খেলা,৫৮০,ছিন্ন পাতার সাজাই তরণী একা একা করি খেলা
পূজা,,RabindranathTagore_Songs_Puja#৫৮১--না-রে-না-রে-হবে-না-তোর-স্বর্গসাধন,৫৮১,না রে না রে হবে না তোর স্বর্গসাধন
পূজা,,RabindranathTagore_Songs_Puja#৫৮২--আপনি-আমার-কোন্খানে,৫৮২,আপনি আমার কোন্‌খানে
পূজা,,RabindranathTagore_Songs_Puja#৫৮৩--পথ-এখনো-শেষ-হল-না-মিলিয়ে-এল-দিনের-ভাতি,৫৮৩,পথ এখনো শেষ হল না মিলিয়ে এল দিনের ভাতি
পূজা,,RabindranathTagore_Songs_Puja#৫৮৪--যা-পেয়েছি-প্রথম-দিনে-সেই-যেন-পাই-শেষে,৫৮৪,যা পেয়েছি প্রথম দিনে সেই যেন পাই শেষে
পূজা,,RabindranathTagore_Songs_Puja#৫৮৫--জয়-জয়-পরমা-নিষ্কৃতি-হে-নমি-নমি,৫৮৫,জয় জয় পরমা নিষ্কৃতি হে নমি নমি
পূজা,,RabindranathTagore_Songs_Puja#৫৮৬--আঁধার-রাতে-একলা-পাগল-যায়-কেঁদে,৫৮৬,আঁধার রাতে একলা পাগল যায় কেঁদে
পূজা,,RabindranathTagore_Songs_Puja#৫৮৭--মরণের-মুখে-রেখে-দূরে-যাও-দূরে-যাও-চলে,৫৮৭,মরণের মুখে রেখে দূরে যাও দূরে যাও চলে
পূজা,,RabindranathTagore_Songs_Puja#৫৮৮--রজনীর-শেষ-তারা-গোপনে-আঁধারে-আধো-ঘুমে,৫৮৮,রজনীর শেষ তারা গোপনে আঁধারে আধো-ঘুমে
পূজা,,RabindranathTagore_Songs_Puja#৫৮৯--কোন্-খেলা-যে-খেলব-কখন-ভাবি-বসে-সেই-কথাটাই,৫৮৯,কোন্‌ খেলা যে খেলব কখন ভাবি বসে সেই কথাটাই
পূজা,,RabindranathTagore_Songs_Puja#৫৯০--অচেনাকে-ভয়-কী-আমার-ওরে,৫৯০,অচেনাকে ভয় কী আমার ওরে
পূজা,,RabindranathTagore_Songs_Puja#৫৯১--আবার-যদি-ইচ্ছা-কর-আবার-আসি-ফিরে,৫৯১,আবার যদি ইচ্ছা কর আবার আসি ফিরে
পূজা,,RabindranathTagore_Songs_Puja#৫৯২--পুষ্প-দিয়ে-মারো-যারে-চিনল-না-সে-মরণকে,৫৯২,পুষ্প দিয়ে মারো যারে চিনল না সে মরণকে
পূজা,,RabindranathTagore_Songs_Puja#৫৯৩--মেঘ-বলেছে-যাব-যাব-রাত-বলেছে-যাই,৫৯৩,মেঘ বলেছে ‘যাব যাব’ রাত বলেছে ‘যাই’
পূজা,,RabindranathTagore_Songs_Puja#৫৯৪--জানি-গো-দিন-যাবে-এ-দিন-যাবে,৫৯৪,জানি গো দিন যাবে এ দিন যাবে
পূজা,,RabindranathTagore_Songs_Puja#৫৯৫--অল্প-লইয়া-থাকি-তাই-মোর-যাহা-যায়-তাহা-যায়,৫৯৫,অল্প লইয়া থাকি তাই মোর যাহা যায় তাহা যায়
পূজা,,RabindranathTagore_Songs_Puja#৫৯৬--তোমার-অসীমে-প্রাণ-মন-লয়ে-যত-দূরে-আমি-ধাই,৫৯৬,তোমার অসীমে প্রাণ মন লয়ে যত দূরে আমি ধাই
পূজা,,RabindranathTagore_Songs_Puja#৫৯৭--আমি-আছি-তোমার-সভার-দুয়ার-দেশে,৫৯৭,আমি আছি তোমার সভার দুয়ার-দেশে
পূজা,,RabindranathTagore_Songs_Puja#৫৯৮--পেয়েছি-ছুটি-বিদায়-দেহো-ভাই,৫৯৮,পেয়েছি ছুটি বিদায় দেহো ভাই
পূজা,,RabindranathTagore_Songs_Puja#৫৯৯--আমার-যাবার-বেলাতে,৫৯৯,আমার যাবার বেলাতে
পূজা,,RabindranathTagore_Songs_Puja#৬০০--আঁধার-এল-বলে,৬০০,আঁধার এল ব’লে
পূজা,,RabindranathTagore_Songs_Puja#৬০১--দিন-যদি-হল-অবসান,৬০১,দিন যদি হল অবসান
পূজা,,RabindranathTagore_Songs_Puja#৬০২--তোমার-হাতের-অরুণলেখা-পাবার-লাগি-রাতারাতি,৬০২,তোমার হাতের অরুণলেখা পাবার লাগি রাতারাতি
পূজা,,RabindranathTagore_Songs_Puja#৬০৩--দিনের-বেলায়-বাঁশি-তোমার-বাজিয়েছিলে-অনেক-সুরে,৬০৩,দিনের বেলায় বাঁশি তোমার বাজিয়েছিলে অনেক সুরে
পূজা,,RabindranathTagore_Songs_Puja#৬০৪--মধুর-তোমার-শেষ-যে-না-পাই-প্রহর-হল-শেষ,৬০৪,মধুর তোমার শেষ যে না পাই প্রহর হল শেষ
পূজা,,RabindranathTagore_Songs_Puja#৬০৫--দিন-অবসান-হল,৬০৫,দিন অবসান হল
পূজা,,RabindranathTagore_Songs_Puja#৬০৬--শেষ-নাহি-যে-শেষ-কথা-কে-বলবে,৬০৬,শেষ নাহি যে শেষ কথা কে বলবে
পূজা,,RabindranathTagore_Songs_Puja#৬০৭--রূপসাগরে-ডুব-দিয়েছি-অরূপরতন-আশা-করি,৬০৭,রূপসাগরে ডুব দিয়েছি অরূপরতন আশা করি
পূজা,,RabindranathTagore_Songs_Puja#৬০৮--কেন-রে-এই-দুয়ারটুকু-পার-হতে-সংশয়,৬০৮,কেন রে এই দুয়ারটুকু পার হতে সংশয়
পূজা,,RabindranathTagore_Songs_Puja#৬০৯--জয়-ভৈরব-জয়-শঙ্কর,৬০৯,জয় ভৈরব জয় শঙ্কর
পূজা,,RabindranathTagore_Songs_Puja#৬১০--আগুনে-হল-আগুনময়,৬১০,আগুনে হল আগুনময়
পূজা,,RabindranathTagore_Songs_Puja#৬১১--ওরে-আগুন-আমার-ভাই,৬১১,ওরে আগুন আমার ভাই
পূজা,,RabindranathTagore_Songs_Puja#৬১২--দুঃখ-যে-তোর-নয়-রে-চিরন্তন,৬১২,দুঃখ যে তোর নয় রে চিরন্তন
পূজা,,RabindranathTagore_Songs_Puja#৬১৩--মরণসাগরপারে-তোমরা-অমর,৬১৩,মরণসাগরপারে তোমরা অমর
পূজা,,RabindranathTagore_Songs_Puja#৬১৪--যেতে-যদি-হয়-হবে,৬১৪,যেতে যদি হয় হবে
পূজা,,RabindranathTagore_Songs_Puja#৬১৫--পথের-শেষ-কোথায়-শেষ-কোথায়-কী-আছে-শেষে,৬১৫,পথের শেষ কোথায় শেষ কোথায় কী আছে শেষে
পূজা,,RabindranathTagore_Songs_Puja#৬১৬--যাত্রাবেলায়-রুদ্র-রবে-বন্ধনডোর-ছিন্ন-হবে,৬১৬,যাত্রাবেলায় রুদ্র রবে বন্ধনডোর ছিন্ন হবে
পূজা,,RabindranathTagore_Songs_Puja#৬১৭--আজকে-মোরে-বোলো-না-কাজ-করতে,৬১৭,আজকে মোরে বোলো না কাজ করতে
ভানুসিংহ ঠাকুরের পদাবলি,,RabindranathTagore_Songs_Bhanusimha#১--বসন্ত-আওল-রে,১,বসন্ত আওল রে
ভানুসিংহ ঠাকুরের পদাবলি,,RabindranathTagore_Songs_Bhanusimha#২--শুন-লো-শুন-লো-বালিকা-রাখ-কুসুমমালিকা,২,শুন লো শুন লো বালিকা রাখ কুসুমমালিকা
ভানুসিংহ ঠাকুরের পদাবলি,,RabindranathTagore_Songs_Bhanusimha#৩--হৃদয়ক-সাধ-মিশাওল-হৃদয়ে-কণ্ঠে-শুখাওল-মালা,৩,হৃদয়ক সাধ মিশাওল হৃদয়ে কণ্ঠে শুখাওল মালা
ভানুসিংহ ঠাকুরের পদাবলি,,RabindranathTagore_Songs_Bhanusimha#৪--শ্যাম-রে-নিপট-কঠিন-মন-তোর,৪,শ্যাম রে নিপট কঠিন মন তোর
ভানুসিংহ ঠাকুরের পদাবলি,,RabindranathTagore_Songs_Bhanusimha#৫--সজনি-সজনি-রাধিকা-লো-দেখ-অবহুঁ-চাহিয়া,৫,সজনি সজনি রাধিকা লো দেখ অবহুঁ চাহিয়া
ভানুসিংহ ঠাকুরের পদাবলি,,RabindranathTagore_Songs_Bhanusimha#৬--বঁধুয়া-হিয়া-পর-আও-রে,৬,বঁধুয়া হিয়া-পর আও রে
ভানুসিংহ ঠাকুরের পদাবলি,,RabindranathTagore_Songs_Bhanusimha#৭--শুন-সখি-বাজই-বাঁশি,৭,শুন সখি বাজই বাঁশি
ভানুসিংহ ঠাকুরের পদাবলি,,RabindranathTagore_Songs_Bhanusimha#৮--গহন-কুসুমকুঞ্জ-মাঝে-মৃদুল-মধুর-বংশি-বাজে,৮,গহন কুসুমকুঞ্জ-মাঝে মৃদুল মধুর বংশি বাজে
ভানুসিংহ ঠাকুরের পদাবলি,,RabindranathTagore_Songs_Bhanusimha#৯--সতিমির-রজনি-সচকিত-সজনী-শূন্য-নিকুঞ্জ-অরণ্য,৯,সতিমির রজনি সচকিত সজনী শূন্য নিকুঞ্জ-অরণ্য
ভানুসিংহ ঠাকুরের পদাবলি,,RabindranathTagore_Songs_Bhanusimha#১০--বজাও-রে-মোহন-বাঁশি,১০,বজাও রে মোহন বাঁশি
ভানুসিংহ ঠাকুরের পদাবলি,,RabindranathTagore_Songs_Bhanusimha#১১--আজু-সখি-মুহু-মুহু-গাহে-পিক-কুহু-কুহু,১১,আজু সখি মুহু মুহু গাহে পিক কুহু কুহু
ভানুসিংহ ঠাকুরের পদাবলি,,RabindranathTagore_Songs_Bhanusimha#১২--শ্যাম-মুখে-তব-মধুর-অধরমে-হাস-বিকাশত-কায়,১২,শ্যাম মুখে তব মধুর অধরমে হাস বিকাশত কায়
ভানুসিংহ ঠাকুরের পদাবলি,,RabindranathTagore_Songs_Bhanusimha#১৩--বাদরবরখন-নীরদগরজন-বিজুলিচমকন-ঘোর,১৩,বাদরবরখন নীরদগরজন বিজুলিচমকন ঘোর
ভানুসিংহ ঠাকুরের পদাবলি,,RabindranathTagore_Songs_Bhanusimha#১৪--সখি-রে-পিরীত-বুঝবে-কে,১৪,সখি রে পিরীত বুঝবে কে
ভানুসিংহ ঠাকুরের পদাবলি,,RabindranathTagore_Songs_Bhanusimha#১৫--হম-সখি-দারিদ-নারী,১৫,হম সখি দারিদ নারী
ভানুসিংহ ঠাকুরের পদাবলি,,RabindranathTagore_Songs_Bhanusimha#১৬--মাধব-না-কহ-আদরবাণী-না-কর-প্রেমক-নাম,১৬,মাধব না কহ আদরবাণী না কর প্রেমক নাম
ভানুসিংহ ঠাকুরের পদাবলি,,RabindranathTagore_Songs_Bhanusimha#১৭--সখি-লো-সখি-লো-নিকরুণ-মাধব-মথুরাপুর-যব-যায়,১৭,সখি লো সখি লো নিকরুণ মাধব মথুরাপুর যব যায়
ভানুসিংহ ঠাকুরের পদাবলি,,RabindranathTagore_Songs_Bhanusimha#১৮--বার-বার-সখি-বারণ-করনু-ন-যাও-মথুরাধাম,১৮,বার বার সখি বারণ করনু ন যাও মথুরাধাম
ভানুসিংহ ঠাকুরের পদাবলি,,RabindranathTagore_Songs_Bhanusimha#১৯--হম-যব-না-রব-সজনী,১৯,হম যব না রব সজনী
ভানুসিংহ ঠাকুরের পদাবলি,,RabindranathTagore_Songs_Bhanusimha#২০--কো-তুঁহু-বোলবি-মোয়,২০,কো তুঁহু বোলবি মোয়
ভানুসিংহ ঠাকুরের পদাবলি,,RabindranathTagore_Songs_Bhanusimha#প্রেম-১৮১--মরণ-রে-তুঁহুঁ-মম-শ্যামসমান,প্রেম-১৮১,মরণ রে তুঁহুঁ মম শ্যামসমান
